SPT_FRSTT_DIST,SPT_SAFE_CNTER_DIST,SPT_LFDAU_DIST,MBLZ_FFPWR_CNT,LYCRG_FIREMAN_CNT,OCCU_YEAR,OCCU_MT,damagearea,DURATION_MIN,SLOPE,CLMT_RAIN,CLMT_MAXTEM,CLMT_MAXWSWD,CLMT_MAXWS,CLMT_MINTEM,CLMT_MINSP,CLMT_AVGTEM,CLMT_AVGHUMID,CLMT_AVGDEWTEM,CLMT_AVGGT,SIGUNGU_NM_고성군,SIGUNGU_NM_동해시,SIGUNGU_NM_삼척시,SIGUNGU_NM_속초시,SIGUNGU_NM_양구군,SIGUNGU_NM_양양군,SIGUNGU_NM_영월군,SIGUNGU_NM_원주시,SIGUNGU_NM_인제군,SIGUNGU_NM_정선군,SIGUNGU_NM_철원군,SIGUNGU_NM_춘천시,SIGUNGU_NM_태백시,SIGUNGU_NM_평창군,SIGUNGU_NM_홍천군,SIGUNGU_NM_화천군,SIGUNGU_NM_횡성군,WETHR_구름조금,WETHR_맑음,WETHR_비,WETHR_흐림,OCCU_DAY_목요일,OCCU_DAY_수요일,OCCU_DAY_월요일,OCCU_DAY_일요일,OCCU_DAY_토요일,OCCU_DAY_화요일,IGN_BHF_산아래,IGN_BHF_산정상,IGN_BHF_산중턱,IGN_BHF_평지,SPCNWS_CN_강풍주의보,SPCNWS_CN_건조경보,SPCNWS_CN_건조주의보,SPCNWS_CN_대설주의보,SPCNWS_CN_풍랑경보,SPCNWS_CN_풍랑주의보,SPCNWS_CN_한파경보,SPCNWS_CN_한파주의보,OBJT_ID
21,6,0,21,0,2015,1,0.16,66,0.0,0.6,13.7,290,7.6,1.1,1007.8,7.1,34.9,-8.7,6.1,0,0,0,0,0,0,0,0,0,0,0,0,0,0,0,0,0,0,1,0,0,0,0,1,0,0,0,0,0,1,0,0,0,0,0,0,0,0,0,1207
29,27,0,9,53,2015,1,0.2,178,9.870900154,0.2,-0.1,290,13.8,-8.9,1019.5,-4.4,58.5,-11.6,-5.5,0,0,0,0,0,0,0,0,0,0,0,0,0,0,0,0,0,0,1,0,0,0,0,0,0,1,0,0,1,0,0,0,0,0,0,0,0,0,0,1208
68,71,12,11,9,2015,2,0.1,82,30.33769989,4.5,17.2,158,8.6,3.5,1015.6,10.1,53.1,0.3,12.4,0,0,0,0,0,0,0,0,0,0,0,1,0,0,0,0,0,0,1,0,0,0,0,0,1,0,0,1,0,0,0,0,0,0,0,0,0,0,0,1220
45,12,9,127,457,2015,2,18.0,4109,35.03010178,0.3,-1.6,320,9.6,-14.0,1014.6,-9.2,32.4,-23.7,-4.1,0,0,1,0,0,0,0,0,0,0,0,0,0,0,0,0,0,0,1,0,0,0,0,0,1,0,0,1,0,0,0,0,0,0,0,0,1,0,0,1226
8,6,0,20,20,2015,2,0.2,80,3.01699996,0.5,7.7,230,11.9,-3.1,1015.9,2.5,56.5,-6.1,3.1,0,0,0,0,0,0,0,1,0,0,0,0,0,0,0,0,0,0,1,0,0,1,0,0,0,0,0,1,0,0,0,0,0,0,0,0,1,0,0,1254
14,4,0,8,8,2015,3,0.01,63,38.66590118,0.0,11.9,110,6.5,-7.0,1016.9,0.9,50.6,-9.5,0.7,0,0,0,0,0,0,0,0,1,0,0,0,0,0,0,0,0,0,1,0,0,0,0,1,0,0,0,0,1,0,0,0,0,0,0,0,0,0,0,1263
6,6,0,13,28,2015,3,0.2,95,26.00819969,12.0,12.5,320,5.8,-5.7,1021.2,2.7,58.1,-6.3,3.5,0,0,0,0,0,0,0,0,0,0,0,1,0,0,0,0,0,0,1,0,0,0,0,0,0,1,0,1,0,0,0,0,0,0,0,0,0,0,0,1280
30,13,4,13,8,2015,3,0.1,81,9.64620018,0.0,16.0,270,4.5,-4.5,1018.9,5.6,40.4,-9.1,5.0,0,0,0,0,0,0,0,0,0,0,0,0,0,0,0,0,1,1,0,0,0,0,0,0,1,0,0,1,0,0,0,0,0,0,0,0,0,0,0,1284
22,14,0,11,60,2015,3,0.9,180,26.62859917,1.6,9.1,50,4.2,0.8,1019.0,5.4,70.4,0.1,6.7,1,0,0,0,0,0,0,0,0,0,0,0,0,0,0,0,0,1,0,0,0,0,0,0,1,0,0,1,0,0,0,0,0,0,0,0,0,0,0,1285
6,7,0,25,5,2015,3,0.1,70,9.462300301,0.3,13.9,160,8.8,2.0,1019.1,8.2,44.5,-3.8,8.3,0,0,0,0,0,0,0,0,0,0,0,0,0,0,0,0,0,0,1,0,0,0,0,0,1,0,0,0,0,1,0,0,0,0,0,0,0,0,0,1290
10,7,0,26,31,2015,3,0.4,104,13.91580009,4.5,17.2,226,8.6,3.5,1015.6,10.1,53.1,-5.44,12.4,0,0,0,0,0,0,0,0,0,0,0,1,0,0,0,0,0,0,1,0,0,0,0,1,0,0,0,1,0,0,0,0,0,0,0,0,0,0,0,1299
2,2,0,21,0,2015,3,0.1,32,6.654399872,7.3,19.2,250,10.6,-0.5,1018.5,9.3,53.4,-0.9,8.9,0,0,0,0,0,0,0,0,0,0,0,0,0,0,0,0,0,0,1,0,0,0,1,0,0,0,0,0,0,1,0,0,1,0,0,0,0,0,0,1321
16,16,12,7,35,2015,3,0.03,48,23.42869949,0.1,6.9,340,10.8,-1.6,1020.1,2.3,37.0,-12.6,5.0,0,0,0,0,0,0,0,0,0,0,0,0,0,0,1,0,0,0,1,0,0,0,1,0,0,0,0,0,0,1,0,0,0,0,0,0,1,0,0,1322
6,6,0,15,0,2015,3,0.02,16,10.3888998,0.5,12.8,250,13.6,2.3,1017.3,7.4,50.6,-3.1,13.8,0,0,0,0,0,0,0,0,0,0,0,0,0,0,0,0,0,0,1,0,0,0,0,0,0,1,0,1,0,0,0,0,0,0,0,0,0,0,0,1340
59,15,4,6,6,2015,3,0.07,50,0.95480001,0.3,4.4,340,15.5,-3.7,1022.7,1.0,55.0,-7.5,2.2,0,0,0,0,1,0,0,0,0,0,0,0,0,0,0,0,0,0,1,0,0,0,0,0,0,1,0,1,0,0,0,0,0,0,0,0,0,0,0,1344
16,3,0,13,32,2015,3,0.8,115,14.62110043,5.8,12.3,290,5.6,-5.7,1021.0,2.8,39.1,-11.7,4.0,0,0,0,0,0,0,0,0,0,0,0,0,0,0,1,0,0,0,1,0,0,0,0,0,0,1,0,1,0,0,0,0,0,0,0,0,0,0,0,1347
10,6,6,118,48,2015,3,0.3,160,14.03619957,0.5,13.3,110,6.4,2.0,1017.8,8.7,44.0,-3.1,10.8,0,1,0,0,0,0,0,0,0,0,0,0,0,0,0,0,0,0,1,0,0,0,0,0,1,0,0,1,0,0,0,0,1,0,0,0,0,0,0,1361
45,19,0,20,44,2015,3,0.5,146,12.63819981,19.5,17.3,180,8.2,3.2,1013.0,11.5,40.4,-2.1,5.6,0,0,1,0,0,0,0,0,0,0,0,0,0,0,0,0,0,0,1,0,0,0,0,0,0,0,1,1,0,0,0,0,0,0,0,0,0,0,0,1381
55,10,0,6,21,2015,3,0.02,67,15.60949993,1.1,21.2,50,8.1,0.3,1010.4,11.0,46.8,-1.5,10.8,0,0,0,0,0,0,0,0,0,0,0,0,0,0,0,1,0,0,1,0,0,1,0,0,0,0,0,1,0,0,0,0,0,0,0,0,0,0,0,1383
37,4,0,5,33,2015,3,0.3,107,22.61989975,4.5,17.2,240,8.6,3.5,1015.6,10.1,53.1,-9.04,12.4,0,0,0,0,0,0,0,0,0,0,0,0,0,0,0,1,0,0,1,0,0,0,0,0,0,1,0,0,0,1,0,0,0,0,0,0,0,0,0,1397
35,8,0,10,37,2015,3,0.1,95,20.43930054,0.2,16.1,270,19.1,0.1,1015.2,8.2,41.0,-7.3,7.8,0,0,0,0,0,0,1,0,0,0,0,0,0,0,0,0,0,0,1,0,0,0,0,0,1,0,0,0,0,0,1,0,0,0,0,0,0,0,0,1416
25,19,3,70,57,2015,3,11.0,1229,9.736800194,4.5,17.2,192,8.6,3.5,1015.6,10.1,53.1,-7.56,12.4,0,0,0,0,0,0,0,0,0,0,0,0,0,0,0,1,0,0,1,0,0,0,0,0,1,0,0,0,0,1,0,0,0,0,0,0,0,0,0,1422
29,17,9,7,30,2015,3,0.3,250,30.29710007,1.9,16.7,290,12.4,-0.4,1015.7,7.8,30.3,-12.8,7.3,0,0,0,0,0,0,0,0,0,0,0,0,0,0,0,0,1,0,1,0,0,0,0,0,1,0,0,0,0,0,1,0,0,0,0,0,0,0,0,1424
24,24,8,16,60,2015,3,2.0,336,13.51580048,1.9,16.7,290,12.4,-0.4,1015.7,7.8,30.3,-12.8,7.3,0,0,0,0,0,0,0,0,0,0,0,0,0,0,1,0,0,0,1,0,0,0,0,0,1,0,0,1,0,0,0,0,0,0,0,0,0,0,0,1431
11,11,0,15,20,2015,3,0.1,68,20.21260071,1.0,9.9,250,12.3,-6.0,1021.7,2.4,29.1,-15.8,5.0,0,0,0,0,0,0,0,0,0,0,1,0,0,0,0,0,0,0,1,0,0,0,0,1,0,0,0,1,0,0,0,0,0,0,0,0,1,0,0,1435
20,20,0,67,120,2015,3,3.0,475,22.0734005,8.1,9.9,160,10.2,-3.3,1020.2,3.1,28.6,-15.0,7.5,0,0,0,0,0,0,0,0,1,0,0,0,0,0,0,0,0,0,1,0,0,0,0,1,0,0,0,0,0,1,0,0,0,1,0,0,0,0,0,1439
16,16,6,22,50,2015,3,3.0,1729,21.31360054,0.7,11.3,360,12.1,-3.4,1021.2,4.1,23.9,-16.3,4.9,0,0,0,0,0,0,0,0,0,0,0,0,0,0,1,0,0,0,1,0,0,0,0,1,0,0,0,1,0,0,0,0,0,0,0,0,0,0,0,1440
46,13,0,12,25,2015,3,0.1,126,22.63610077,8.4,15.3,340,6.1,-4.0,1031.5,5.5,32.3,-12.1,6.3,0,0,0,0,0,0,0,0,0,0,0,0,0,0,1,0,0,0,1,0,0,0,1,0,0,0,0,1,0,0,0,0,0,0,0,0,0,0,0,1458
35,16,0,18,25,2015,3,0.2,125,21.4720993,1.6,11.5,180,6.1,-6.2,1029.2,2.3,48.8,-9.9,4.2,0,0,1,0,0,0,0,0,0,0,0,0,0,0,0,0,0,0,1,0,0,0,1,0,0,0,0,1,0,0,0,0,0,0,0,0,0,0,0,1463
25,25,6,10,27,2015,3,0.06,59,15.06999969,12.9,26.7,290,6.3,19.6,1003.6,22.4,84.3,19.4,24.1,0,0,0,0,0,0,0,1,0,0,0,0,0,0,0,0,0,0,1,0,0,0,1,0,0,0,0,1,0,0,0,0,0,0,0,0,0,0,0,1464
20,7,0,13,30,2015,3,0.2,55,15.84519958,0.2,10.4,50,12.3,2.9,1018.5,6.2,49.0,-4.6,8.2,0,0,0,0,0,0,0,0,0,0,0,0,0,1,0,0,0,0,1,0,0,0,1,0,0,0,0,0,1,0,0,0,0,0,0,0,0,0,0,1465
31,19,0,17,20,2015,3,0.05,119,24.6916008,10.2,15.3,230,6.9,-3.9,1031.6,5.4,44.8,-7.6,6.9,0,0,0,0,0,0,0,0,0,0,0,1,0,0,0,0,0,0,1,0,0,0,1,0,0,0,0,1,0,0,0,0,0,0,0,0,0,0,0,1468
10,10,0,11,109,2015,3,0.3,240,20.00180054,7.2,15.7,140,7.0,4.0,1027.0,10.9,36.4,-3.8,13.6,0,0,1,0,0,0,0,0,0,0,0,0,0,0,0,0,0,0,1,0,0,1,0,0,0,0,0,0,0,1,0,0,0,0,0,0,0,0,0,1469
35,11,0,14,43,2015,3,1.5,170,26.11319923,17.0,17.3,250,8.9,-5.6,1028.4,5.9,44.1,-7.9,7.1,0,0,0,0,0,0,0,1,0,0,0,0,0,0,0,0,0,0,1,0,0,1,0,0,0,0,0,1,0,0,0,0,0,0,0,0,0,0,0,1470
20,0,6,18,35,2015,3,2.5,470,30.9734993,0.7,19.1,340,10.9,-0.7,1012.2,10.3,30.1,-9.7,9.3,0,0,0,0,0,0,0,0,0,0,0,0,0,1,0,0,0,1,0,0,0,0,0,0,0,1,0,1,0,0,0,0,0,0,0,0,0,0,0,1494
6,4,0,10,0,2015,3,0.05,34,16.25390053,1.0,19.2,50,11.0,6.0,1007.2,10.4,67.8,4.4,11.9,0,0,0,0,0,0,0,1,0,0,0,0,0,0,0,0,0,1,0,0,0,0,0,0,1,0,0,1,0,0,0,0,0,0,0,0,0,0,0,1499
30,17,0,16,23,2015,3,0.03,60,20.21260071,4.0,22.9,270,5.0,6.1,1013.8,14.6,40.1,-0.6,13.6,0,0,0,0,0,0,0,0,0,0,0,1,0,0,0,0,0,1,0,0,0,0,0,0,1,0,0,1,0,0,0,0,0,0,0,0,0,0,0,1503
21,6,0,6,25,2015,3,0.1,142,17.93199921,8.0,22.3,250,7.1,3.4,1014.5,12.5,55.8,1.8,13.6,0,0,0,0,0,0,0,0,0,0,0,1,0,0,0,0,0,1,0,0,0,0,0,1,0,0,0,0,0,1,0,0,0,0,0,0,0,0,0,1508
11,3,0,12,13,2015,4,0.01,63,20.99160004,0.2,5.4,180,4.9,-9.4,1024.7,-2.4,53.1,-12.0,1.7,0,0,0,0,0,0,0,0,1,0,0,0,0,0,0,0,0,0,1,0,0,0,0,0,0,0,0,0,1,0,0,0,0,0,0,0,0,0,0,1512
15,9,0,8,25,2015,4,0.06,90,27.36030006,3.8,20.8,180,9.0,7.0,1021.6,13.8,40.6,-1.0,12.0,0,0,0,0,0,0,0,1,0,0,0,0,0,0,0,0,0,0,1,0,0,0,0,0,1,0,0,1,0,0,0,0,0,0,0,0,0,0,0,1516
12,3,16,13,89,2015,4,0.2,90,20.0788002,2.8,21.5,360,12.0,2.8,1021.5,10.8,50.3,0.1,12.3,0,0,0,0,0,0,0,0,0,0,1,0,0,0,0,0,0,0,1,0,0,0,0,0,1,0,0,1,0,0,0,0,0,0,0,0,0,0,0,1520
46,11,8,7,36,2015,4,0.3,54,30.02070045,0.0,1.2,270,13.3,-4.0,1016.5,-1.9,46.9,-11.8,1.0,0,0,0,0,0,0,0,0,0,0,0,0,0,0,0,1,0,0,1,0,0,0,0,1,0,0,0,0,0,1,0,0,0,0,0,0,1,0,0,1522
33,11,0,23,62,2015,4,0.5,140,29.70800018,1.1,24.8,270,10.7,10.4,1012.7,18.9,25.1,-2.2,17.1,1,0,0,0,0,0,0,0,0,0,0,0,0,0,0,0,0,1,0,0,0,1,0,0,0,0,0,1,0,0,0,0,0,0,0,0,0,0,0,1529
35,35,0,10,15,2015,4,1.0,450,27.50519943,0.1,21.5,160,11.0,2.7,1015.9,13.8,39.5,-2.9,11.9,0,0,0,0,0,0,0,0,1,0,0,0,0,0,0,0,0,1,0,0,0,1,0,0,0,0,0,0,0,0,0,0,0,0,0,0,0,0,0,1531
27,27,12,15,45,2015,4,0.3,150,2.862400055,2.4,23.3,340,15.4,10.1,1013.7,15.9,28.0,-4.0,15.3,0,0,0,0,0,0,0,0,0,1,0,0,0,0,0,0,0,0,1,0,0,0,0,0,0,0,0,1,0,0,0,0,0,0,0,0,0,0,0,1532
46,17,20,6,10,2015,4,0.2,130,27.22629929,4.5,17.2,204,8.6,3.5,1015.6,10.1,53.1,1.58,12.4,0,0,0,0,0,0,0,0,0,0,0,0,0,0,0,1,0,0,1,0,0,0,0,0,1,0,0,0,1,0,0,0,0,0,0,0,0,0,0,1545
36,6,0,44,85,2015,4,0.2,233,35.79579926,5.7,31.6,250,12.7,16.0,1011.5,23.8,23.4,0.8,27.6,0,0,0,0,0,0,0,0,0,0,0,0,0,0,0,0,0,0,1,0,0,0,0,0,1,0,0,1,0,0,0,0,0,0,0,0,0,0,0,1548
26,10,16,20,43,2015,4,2.0,362,15.28849983,8.8,27.8,340,5.0,7.0,1009.9,18.3,37.0,0.3,20.1,0,0,0,0,0,0,0,0,0,0,0,0,0,0,1,0,0,0,1,0,0,0,0,0,0,0,1,1,0,0,0,0,0,0,0,0,0,0,0,1558
51,6,12,10,65,2015,4,0.5,275,15.36950016,4.4,21.6,140,5.1,12.8,1011.8,16.8,46.4,4.7,17.7,0,0,0,0,1,0,0,0,0,0,0,0,0,0,0,0,0,0,1,0,0,0,1,0,0,0,0,1,0,0,0,0,0,0,0,0,0,0,0,1560
19,19,12,5,0,2015,5,0.03,190,32.98939896,2.0,27.5,290,7.5,11.6,1008.1,19.5,69.3,12.6,22.9,0,0,0,0,0,0,1,0,0,0,0,0,0,0,0,0,0,0,1,0,0,0,0,0,0,1,0,0,1,0,0,0,0,0,0,0,0,0,0,1563
26,11,0,10,4,2015,5,0.02,130,17.29439926,0.0,26.5,230,5.1,11.9,1008.4,18.8,68.3,12.4,27.6,0,0,0,0,0,0,0,0,0,0,0,0,0,0,0,0,0,0,1,0,0,0,0,0,0,1,0,0,1,0,0,0,0,0,0,0,0,0,0,1564
15,13,0,11,15,2015,5,0.2,130,8.735699654,0.1,18.2,250,15.2,0.0,1004.6,10.7,38.8,-4.3,13.1,0,0,0,0,0,0,0,0,0,0,0,0,0,0,0,0,0,0,1,0,0,0,0,0,0,0,1,0,0,1,0,0,0,0,0,0,0,0,0,1566
36,6,0,7,2,2015,5,0.1,70,2.134299994,4.5,23.1,360,12.5,3.4,1006.0,13.3,41.3,-1.9,16.1,0,0,0,0,0,0,0,0,0,0,0,0,0,1,0,0,0,0,1,0,0,0,0,0,0,0,1,0,1,0,0,0,0,0,0,0,0,0,0,1567
5,5,0,10,0,2015,5,0.01,78,18.64819908,6.7,22.3,340,8.2,6.7,1008.4,14.5,46.3,1.9,19.3,0,0,0,0,0,0,0,0,0,0,0,0,0,0,0,0,1,0,1,0,0,0,0,0,0,0,1,0,1,0,0,0,0,0,0,0,0,0,0,1568
12,10,0,13,20,2015,5,0.01,70,7.416500092,1.5,24.2,230,8.5,8.5,1009.5,16.4,44.9,1.9,18.4,0,0,0,0,0,0,0,0,0,0,0,1,0,0,0,0,0,0,1,0,0,1,0,0,0,0,0,1,0,0,0,0,0,0,0,0,0,0,0,1573
0,0,0,11,15,2015,5,0.1,43,20.09799957,5.2,13.9,320,14.8,3.5,1020.2,8.3,22.9,-13.6,10.3,0,0,0,0,0,0,0,0,0,0,0,0,0,0,0,0,0,0,1,0,0,0,0,0,0,0,0,0,0,1,0,0,0,0,0,0,0,0,0,1574
40,13,15,12,20,2015,5,0.1,94,48.20550156,8.5,23.0,90,7.8,8.8,1000.1,15.7,71.8,9.0,16.0,0,0,0,0,0,0,0,0,0,1,0,0,0,0,0,0,0,0,1,0,0,0,0,1,0,0,0,0,0,1,0,0,0,0,0,0,0,0,0,1579
34,4,0,15,60,2015,5,0.3,183,9.870900154,0.2,29.0,290,9.2,16.4,1005.9,22.8,18.3,-3.3,29.7,0,0,0,0,0,1,0,0,0,0,0,0,0,0,0,0,0,0,1,0,0,0,0,0,1,0,0,0,0,1,0,0,0,0,0,0,0,0,0,1582
53,41,14,15,44,2015,5,0.2,170,30.0515995,0.3,25.4,180,8.6,7.0,1007.2,16.4,46.5,3.1,21.1,0,0,0,0,0,0,0,0,0,0,0,0,0,0,1,0,0,1,0,0,0,0,0,0,1,0,0,1,0,0,0,0,0,0,0,0,0,0,0,1583
28,20,7,30,65,2015,5,1.2,305,32.35639954,3.7,27.3,270,11.2,14.3,1008.7,22.1,31.1,3.3,29.2,0,0,1,0,0,0,0,0,0,0,0,0,0,0,0,0,0,0,1,0,0,1,0,0,0,0,0,0,0,1,0,0,0,0,0,0,0,0,0,1589
3,3,0,24,71,2015,5,1.0,320,32.31150055,3.7,27.8,320,9.5,7.6,1009.9,17.9,51.3,5.3,22.7,0,0,0,0,0,0,0,0,0,0,0,0,0,0,1,0,0,0,1,0,0,1,0,0,0,0,0,1,0,0,0,0,0,0,0,0,0,0,0,1590
34,32,0,15,20,2015,5,0.7,338,9.508700371,0.7,22.2,110,15.7,1.5,1007.3,13.9,53.9,3.4,17.5,0,0,0,0,0,0,0,0,0,0,0,0,0,0,0,0,0,1,0,0,0,1,0,0,0,0,0,0,1,0,0,0,0,1,0,0,0,0,0,1592
7,7,0,9,27,2015,5,0.5,110,22.40690041,5.0,28.9,250,8.1,8.7,1006.8,19.2,44.5,4.2,26.3,0,0,0,0,0,0,0,0,0,0,0,0,0,1,0,0,0,1,0,0,0,0,0,0,0,1,0,0,0,1,0,0,0,0,0,0,0,0,0,1598
17,0,6,7,43,2015,5,0.3,85,21.04570007,7.1,32.5,320,8.4,12.1,1004.8,21.4,40.1,5.4,31.1,0,0,0,0,0,0,0,0,0,0,0,0,0,1,0,0,0,1,0,0,0,1,0,0,0,0,0,0,0,1,0,0,0,0,0,0,0,0,0,1623
62,39,18,15,38,2015,5,0.25,405,31.91130066,6.2,29.6,180,7.0,11.3,1001.5,21.5,43.4,6.6,29.3,0,0,1,0,0,0,0,0,0,0,0,0,0,0,0,0,0,0,1,0,0,0,0,0,0,0,0,0,0,1,0,0,0,0,0,0,0,0,0,1629
42,37,8,16,27,2015,5,0.5,338,32.40119934,0.5,29.0,230,5.7,12.2,1004.7,20.0,53.9,7.9,27.6,0,0,1,0,0,0,0,0,0,0,0,0,0,0,0,0,0,1,0,0,0,0,0,0,1,0,0,1,0,0,0,0,0,0,0,0,0,0,0,1631
68,31,6,6,15,2015,5,0.03,270,20.0788002,4.5,17.2,208,8.6,3.5,1015.6,10.1,53.1,2.36,12.4,0,0,0,0,0,0,0,0,0,0,0,0,0,0,0,1,0,0,1,0,0,0,0,0,1,0,0,0,0,1,0,0,0,0,0,0,0,0,0,1632
14,6,0,10,27,2015,5,0.15,243,16.69919968,0.4,28.8,290,5.9,15.0,1005.9,21.9,61.8,13.0,27.0,0,0,0,0,0,0,0,0,0,0,0,0,0,0,0,0,1,0,1,0,0,0,0,0,1,0,0,0,1,0,0,0,0,0,0,0,0,0,0,1635
24,10,0,15,24,2015,6,0.09,150,39.167099,7.9,31.4,230,7.5,15.3,1003.8,23.3,52.3,11.4,29.3,0,0,0,0,0,0,0,0,0,0,0,1,0,0,0,0,0,0,1,0,0,0,0,0,0,0,1,0,0,1,0,0,0,0,0,0,0,0,0,1644
42,20,25,10,14,2015,6,0.5,270,8.735699654,13.0,27.5,230,8.6,14.0,1002.9,20.4,36.9,3.2,30.7,0,0,0,0,0,0,0,0,1,0,0,0,0,0,0,0,0,0,1,0,0,0,1,0,0,0,0,0,1,0,0,0,0,0,0,0,0,0,0,1651
40,15,0,20,90,2015,6,1.0,272,23.38220024,17.3,28.9,340,10.5,16.2,1004.1,22.3,42.8,6.9,29.3,0,0,0,0,0,0,0,0,0,0,0,1,0,0,0,0,0,0,1,0,0,0,1,0,0,0,0,1,0,0,0,0,0,0,0,0,0,0,0,1654
32,32,8,8,51,2015,6,2.0,209,2.698999882,7.4,30.9,230,6.6,9.0,1005.8,20.6,38.0,3.6,31.1,0,0,0,0,0,0,0,0,0,0,0,0,0,0,1,0,0,0,1,0,0,1,0,0,0,0,0,1,0,0,0,0,0,0,0,0,0,0,0,1659
7,14,7,27,30,2015,6,1.0,90,12.60439968,7.2,30.1,200,8.4,10.6,1006.3,21.0,38.5,3.9,31.9,0,0,0,0,0,0,0,0,0,0,1,0,0,0,0,0,0,0,1,0,0,1,0,0,0,0,0,1,0,0,0,0,0,0,0,0,0,0,0,1663
32,31,0,18,20,2015,6,0.1,254,15.92280006,0.3,24.3,110,8.7,2.7,1006.4,15.3,45.5,1.4,23.2,0,0,0,0,0,0,0,0,0,0,0,0,0,0,0,0,0,1,0,0,0,1,0,0,0,0,0,0,1,0,0,0,0,1,0,0,0,0,0,1664
7,7,0,12,10,2015,6,0.06,104,12.26010036,20.4,27.4,180,9.0,17.1,1006.7,22.8,40.8,8.0,31.3,1,0,0,0,0,0,0,0,0,0,0,0,0,0,0,0,0,0,1,0,0,1,0,0,0,0,0,0,0,1,0,0,0,1,0,0,0,0,0,1669
41,7,0,6,18,2015,6,0.01,120,31.9939003,4.5,17.2,244,8.6,3.5,1015.6,10.1,53.1,-3.14,12.4,0,0,0,0,0,0,0,0,0,0,0,0,0,0,0,1,0,1,0,0,0,0,0,0,1,0,0,0,1,0,0,0,0,0,0,0,0,0,0,1680
26,11,0,5,17,2015,6,0.01,36,20.69949913,1.3,8.2,340,7.6,-3.6,1024.4,1.4,28.8,-15.7,3.7,0,0,0,0,0,0,0,0,1,0,0,0,0,0,0,0,0,1,0,0,0,0,0,0,0,0,1,1,0,0,0,0,0,0,0,0,0,0,0,1691
27,27,35,9,5,2015,6,1.0,559,31.11910057,6.0,34.9,270,6.0,15.6,1004.0,25.2,46.1,9.8,32.0,0,0,0,0,0,0,0,0,0,0,0,0,0,0,0,0,1,0,1,0,0,0,1,0,0,0,0,0,1,0,0,0,0,0,0,0,0,0,0,1694
27,17,0,8,17,2015,6,0.25,287,11.03849983,1.7,27.1,160,7.8,17.7,1006.5,22.3,61.8,14.2,31.0,0,0,0,0,0,0,0,0,1,0,0,0,0,0,0,0,0,0,1,0,0,0,1,0,0,0,0,0,1,0,0,0,0,0,0,0,0,0,0,1695
12,12,7,9,29,2015,6,0.4,140,26.93020058,1.5,33.8,340,8.4,14.5,1003.6,23.6,49.3,9.8,32.2,0,0,0,0,0,0,0,0,0,1,0,0,0,0,0,0,0,0,1,0,0,0,1,0,0,0,0,1,0,0,0,0,0,0,0,0,0,0,0,1696
25,25,13,8,25,2015,6,0.5,426,27.89730072,0.3,32.9,110,7.5,16.9,998.8,24.4,52.4,11.9,28.1,0,0,0,0,0,0,0,0,0,0,0,0,0,0,1,0,0,1,0,0,0,1,0,0,0,0,0,0,0,1,0,0,0,0,0,0,0,0,0,1697
10,10,6,5,17,2015,6,0.01,105,9.321800232,2.0,27.6,140,9.0,15.5,999.3,21.9,60.3,12.8,27.3,0,0,0,0,0,0,0,0,1,0,0,0,0,0,0,0,0,1,0,0,0,0,0,0,0,0,0,0,0,1,0,0,0,0,0,0,0,0,0,1699
25,14,6,7,8,2015,6,0.02,104,25.34950066,4.5,17.2,282,8.6,3.5,1015.6,10.1,53.1,-5.46,12.4,0,0,0,0,0,0,0,0,0,0,0,0,0,0,0,1,0,1,0,0,0,0,0,0,0,0,1,0,1,0,0,0,0,0,0,0,0,0,0,1714
43,43,0,7,0,2015,6,0.05,100,30.17480087,4.5,17.2,188,8.6,3.5,1015.6,10.1,53.1,-1.5,12.4,0,0,0,0,0,0,0,0,0,0,0,1,0,0,0,0,0,0,1,0,0,0,1,0,0,0,0,0,0,1,0,0,0,0,0,0,0,0,0,1717
13,13,11,10,25,2015,6,0.1,170,27.22629929,1.8,31.9,250,6.4,16.7,1006.1,24.5,59.0,14.4,26.7,0,0,0,0,0,0,0,0,0,0,0,0,0,0,1,0,0,0,1,0,0,0,0,1,0,0,0,0,1,0,0,0,0,0,0,0,0,0,0,1722
28,18,4,15,40,2015,9,0.03,90,18.52059937,13.8,27.2,250,4.5,15.8,1005.1,21.2,67.3,14.3,22.9,0,0,0,0,0,0,0,0,0,0,0,0,0,0,0,0,1,1,0,0,0,0,0,0,0,0,0,0,0,1,0,0,0,0,0,0,0,0,0,1750
25,23,0,10,37,2015,9,0.01,155,24.84799957,4.5,17.2,226,8.6,3.5,1015.6,10.1,53.1,-2.82,12.4,0,0,0,0,0,0,0,0,0,0,0,1,0,0,0,0,0,0,1,0,0,0,0,0,1,0,0,0,0,1,0,0,0,0,0,0,0,0,0,1753
25,15,0,10,0,2015,9,0.05,170,23.44409943,0.0,26.7,20,6.0,13.8,1020.7,20.5,54.0,10.3,22.8,0,0,0,0,0,0,0,1,0,0,0,0,0,0,0,0,0,1,0,0,0,0,0,0,0,0,1,0,0,1,0,0,0,0,0,0,0,0,0,1765
1,1,0,20,10,2015,10,0.1,150,2.134299994,17.4,24.9,200,4.9,6.5,1018.4,15.0,68.9,7.6,16.8,0,0,0,0,0,0,0,0,0,0,1,0,0,0,0,0,0,0,1,0,0,0,0,0,0,0,1,0,0,1,0,0,0,0,0,0,0,0,0,1773
22,6,0,11,0,2015,10,0.01,269,28.58709908,1.5,12.4,110,6.8,5.0,1010.5,9.4,91.8,7.9,11.7,0,0,0,0,0,0,0,0,0,0,0,1,0,0,0,0,0,0,0,1,0,0,0,0,1,0,0,0,1,0,0,0,0,0,0,0,1,0,0,1782
1,1,12,10,11,2015,10,0.05,55,42.21030045,5.4,25.0,360,5.8,5.3,1011.9,15.8,41.4,0.9,17.9,0,0,0,0,0,0,0,0,0,1,0,0,0,0,0,0,0,1,0,0,0,0,0,0,0,0,0,0,0,1,0,0,0,0,0,0,0,0,0,1787
45,32,0,17,24,2015,10,0.8,342,32.40119934,1.9,21.9,110,5.9,-0.3,1016.4,10.3,66.3,2.6,13.5,0,0,0,0,0,0,0,0,0,0,0,0,0,0,0,0,0,0,1,0,0,0,0,0,0,1,0,0,0,1,0,0,0,0,0,0,0,0,0,1788
15,10,0,6,0,2015,10,0.05,130,17.77529907,5.1,25.7,200,5.1,6.4,1018.2,14.5,68.9,7.1,15.3,0,0,0,0,0,0,0,0,0,0,1,0,0,0,0,0,0,0,1,0,0,0,0,0,0,1,0,0,1,0,0,0,0,0,0,0,0,0,0,1789
36,35,0,15,58,2015,10,0.5,388,34.21860123,0.5,17.2,250,14.6,9.5,1013.4,12.6,73.8,7.6,14.4,0,0,0,0,0,0,0,0,0,0,0,0,0,0,0,0,0,1,0,0,0,0,0,0,0,1,0,1,0,0,0,0,0,0,0,0,0,0,0,1797
44,18,0,10,25,2015,10,0.1,247,22.14069939,0.5,13.3,90,6.7,1.6,1023.3,7.4,80.3,3.9,12.2,0,0,0,0,0,0,0,0,0,0,0,0,0,1,0,0,0,1,0,0,0,0,0,0,1,0,0,0,1,0,0,0,0,0,0,0,0,0,0,1803
65,31,0,6,24,2015,11,0.1,85,34.21860123,13.0,12.6,180,4.4,-3.9,1023.2,4.6,59.4,-3.5,5.5,0,0,0,0,0,0,0,0,0,0,0,0,0,0,1,0,0,0,1,0,0,0,0,0,1,0,0,0,1,0,0,0,0,0,0,0,0,0,0,1810
14,2,0,21,20,2015,11,0.03,70,0.0,7.3,16.9,320,7.9,8.2,1018.3,12.0,34.0,-3.8,16.1,0,0,0,0,0,0,0,0,0,0,0,0,0,0,0,0,0,0,1,0,0,0,0,1,0,0,0,1,0,0,0,0,0,0,0,0,0,0,0,1811
44,8,8,7,18,2015,11,0.2,205,35.2344017,1.7,18.2,160,6.1,-0.5,1026.1,6.9,75.1,1.8,7.9,0,0,0,0,0,0,0,0,1,0,0,0,0,0,0,0,0,0,1,0,0,0,1,0,0,0,0,1,0,0,0,0,0,0,0,0,0,0,0,1815
3,3,0,9,29,2015,12,0.03,98,8.984900475,5.0,9.9,360,3.5,-2.0,1022.5,3.0,66.1,-3.1,1.8,0,0,0,0,0,0,0,0,0,0,0,0,0,0,0,0,1,0,1,0,0,0,0,0,0,1,0,1,0,0,0,0,0,0,0,0,1,0,0,1818
40,12,0,15,63,2015,12,0.1,140,8.159000397,0.4,6.4,290,11.2,-1.1,1012.7,2.4,32.9,-12.8,2.5,0,0,0,0,0,1,0,0,0,0,0,0,0,0,0,0,0,0,1,0,0,0,1,0,0,0,0,0,1,0,0,0,0,0,0,0,0,0,0,1819
4,4,0,14,0,2015,12,0.01,36,0.0,0.3,9.0,320,7.8,-2.0,1026.4,2.4,58.3,-5.2,4.2,0,0,0,0,0,0,0,0,0,0,0,0,0,0,0,0,0,0,1,0,0,0,0,0,0,0,1,1,0,0,0,0,0,0,0,0,0,0,0,1821
10,1,10,18,18,2016,1,0.06,77,12.22509956,0.1,6.3,250,9.8,-4.7,1018.5,0.5,36.4,-13.1,0.2,1,0,0,0,0,0,0,0,0,0,0,0,0,0,0,0,0,0,1,0,0,0,1,0,0,0,0,1,0,0,0,0,0,0,0,0,0,0,0,1827
43,10,7,6,38,2016,1,0.05,52,28.82189941,4.5,17.2,248,8.6,3.5,1015.6,10.1,53.1,-9.32,12.4,0,0,0,0,1,0,0,0,0,0,0,0,0,0,0,0,0,0,1,0,0,0,0,0,0,0,1,0,0,0,1,0,0,0,0,0,0,0,0,1837
17,11,0,15,9,2016,1,0.03,40,22.42340088,0.0,16.8,180,6.9,12.3,1012.2,15.2,78.0,11.4,13.6,0,0,0,0,0,0,0,1,0,0,0,0,0,0,0,0,0,0,1,0,0,0,1,0,0,0,0,1,0,0,0,0,0,0,0,0,0,0,0,1838
9,9,0,165,161,2016,1,3.0,169,2.862400055,0.0,-4.3,320,16.5,-11.9,1009.5,-8.4,24.9,-25.2,-7.6,0,0,0,0,0,0,0,0,0,0,0,0,0,0,0,0,0,0,1,0,0,0,0,0,0,0,1,1,0,0,0,0,0,1,0,0,0,0,0,1844
11,7,0,15,0,2016,1,0.01,65,10.67840004,0.0,-7.7,250,10.2,-15.0,1017.5,-12.3,44.3,-22.2,-6.9,0,0,0,0,0,0,0,0,0,0,0,1,0,0,0,0,0,0,1,0,0,0,0,0,0,0,0,1,0,0,0,0,0,0,0,0,0,1,0,1848
30,7,0,19,77,2016,1,0.3,178,11.49950027,1.4,-3.3,230,4.8,-18.9,1027.4,-11.7,54.6,-19.9,-6.6,0,0,0,0,0,0,0,0,0,0,0,1,0,0,0,0,0,0,1,0,0,0,0,1,0,0,0,1,0,0,0,0,0,0,0,0,0,0,0,1856
20,18,0,12,20,2016,1,0.1,182,20.0788002,4.5,17.2,288,8.6,3.5,1015.6,10.1,53.1,3.6,12.4,0,0,0,0,0,0,0,0,0,0,0,1,0,0,0,0,0,0,1,0,0,0,0,0,0,0,1,0,0,1,0,0,0,0,0,0,0,0,0,1857
17,10,0,13,30,2016,1,0.03,64,11.34809971,1.1,7.0,320,12.7,0.3,1020.1,3.1,32.3,-12.5,1.5,0,0,0,0,0,1,0,0,0,0,0,0,0,0,0,0,0,0,1,0,0,0,0,0,0,0,1,1,0,0,0,0,0,0,0,0,0,0,0,1860
18,10,0,10,36,2016,1,0.15,60,14.76309967,7.1,26.3,250,7.2,13.9,1011.8,20.4,67.8,13.7,26.9,0,0,0,0,0,0,0,1,0,0,0,0,0,0,0,0,0,0,1,0,0,0,1,0,0,0,0,1,0,0,0,0,0,0,0,0,0,0,0,1862
30,19,6,10,12,2016,1,0.05,188,0.0,0.1,2.3,360,7.9,-3.7,1025.8,0.0,61.0,-6.7,-1.0,0,0,0,0,0,0,0,0,0,0,0,0,0,0,1,0,0,0,1,0,0,0,0,0,0,0,0,0,0,1,0,0,0,0,0,0,0,0,0,1864
60,23,0,13,8,2016,1,0.05,63,26.93020058,1.6,14.6,290,7.6,6.1,1014.1,9.5,61.9,2.3,10.9,0,0,0,0,0,0,1,0,0,0,0,0,0,0,0,0,0,0,1,0,0,0,0,0,1,0,0,1,0,0,0,0,0,0,0,0,0,0,0,1867
29,6,0,10,0,2016,2,0.01,54,17.08309937,4.5,17.2,244,8.6,3.5,1015.6,10.1,53.1,-4.56,12.4,0,0,0,0,0,0,0,1,0,0,0,0,0,0,0,0,0,0,1,0,0,0,0,1,0,0,0,0,1,0,0,0,0,0,0,0,0,0,0,1868
28,23,3,18,65,2016,2,0.3,101,23.8859005,0.2,1.2,360,5.4,-11.5,1026.5,-6.0,38.5,-19.0,-4.0,0,0,0,0,0,0,0,0,0,0,0,0,0,0,1,0,0,0,1,0,0,0,0,1,0,0,0,1,0,0,0,0,0,0,0,0,0,0,0,1871
26,8,0,15,20,2016,2,0.05,82,22.61989975,0.0,5.9,270,5.3,-5.8,1021.6,-0.6,51.3,-10.1,-1.4,0,0,0,0,0,0,0,1,0,0,0,0,0,0,0,0,0,0,1,0,0,1,0,0,0,0,0,1,0,0,0,0,0,0,0,0,0,0,0,1876
3,7,0,24,0,2016,2,1.0,205,7.233799934,0.2,5.6,230,8.0,-10.1,1021.7,-2.5,52.4,-12.6,-0.7,0,0,0,0,0,0,0,0,0,0,0,1,0,0,0,0,0,1,0,0,0,1,0,0,0,0,0,1,0,0,0,0,0,0,0,0,0,0,0,1877
31,11,0,10,45,2016,2,0.8,114,10.17650032,0.4,3.4,200,5.7,-6.3,1020.9,-1.6,41.5,-14.6,-2.0,0,0,0,0,0,0,0,0,0,0,0,0,0,0,0,0,1,1,0,0,0,0,0,0,0,0,0,1,0,0,0,0,0,0,0,0,0,0,0,1880
14,14,0,20,7,2016,2,3.0,143,18.17480087,5.7,5.7,250,7.5,-5.1,1011.6,0.0,68.4,-5.5,-1.1,0,0,0,0,0,0,0,0,0,0,0,0,0,0,0,0,1,0,1,0,0,0,0,1,0,0,0,0,0,0,1,0,0,0,1,0,0,0,0,1892
30,25,0,0,55,2016,2,0.02,125,17.08309937,4.5,17.2,256,8.6,3.5,1015.6,10.1,53.1,0.26,12.4,0,0,0,0,0,0,0,0,0,0,0,1,0,0,0,0,0,0,1,0,0,0,1,0,0,0,0,0,0,1,0,0,0,0,0,0,0,0,0,1909
7,3,0,45,30,2016,2,0.26,160,14.06620026,1.2,11.1,230,10.1,1.6,1017.9,6.6,42.8,-5.2,2.2,0,1,0,0,0,0,0,0,0,0,0,0,0,0,0,0,0,0,1,0,0,1,0,0,0,0,0,0,0,1,0,0,0,0,0,0,0,0,0,1921
39,6,30,10,30,2016,2,0.3,264,16.52779961,0.8,2.8,340,15.9,-4.9,1022.6,-1.0,30.0,-17.0,0.7,0,0,0,0,0,0,0,0,0,1,0,0,0,0,0,0,0,0,1,0,0,0,0,0,1,0,0,1,0,0,0,0,0,0,0,0,0,0,0,1925
29,20,0,9,14,2016,2,1.0,100,36.09069824,0.5,8.2,20,14.0,-1.0,1023.6,3.3,58.3,-5.0,3.6,0,0,0,0,0,0,0,0,1,0,0,0,0,0,0,0,0,1,0,0,0,0,0,0,0,0,1,0,0,1,0,0,0,0,0,0,0,0,0,1932
57,7,10,5,10,2016,2,0.5,122,17.03569984,0.7,6.1,230,8.3,-4.2,1024.7,1.0,46.6,-10.2,1.3,0,0,0,0,1,0,0,0,0,0,0,0,0,0,0,0,0,0,0,0,1,0,0,0,0,0,1,1,0,0,0,0,0,1,0,0,0,0,0,1933
49,9,0,5,10,2016,2,0.03,100,13.26270008,0.0,3.8,290,10.7,-5.3,1027.4,-0.2,49.8,-10.8,1.0,0,0,0,0,0,0,0,0,0,0,0,0,0,0,0,1,0,0,0,0,1,0,0,0,0,0,1,0,0,1,0,0,0,0,0,0,0,0,0,1936
10,4,0,15,10,2016,2,0.01,52,2.862400055,19.7,16.8,110,4.4,12.2,1003.9,12.8,80.1,9.1,12.8,0,0,0,0,0,0,0,0,0,0,0,1,0,0,0,0,0,0,1,0,0,0,0,0,0,0,0,0,0,0,1,0,0,0,0,0,0,0,0,1944
32,10,12,8,40,2016,2,0.05,35,19.82699966,5.5,27.3,160,10.9,20.5,1005.4,23.4,81.5,19.8,26.2,0,0,0,0,0,0,1,0,0,0,0,0,0,0,0,0,0,1,0,0,0,0,0,0,0,0,0,1,0,0,0,0,0,0,0,0,0,0,0,1945
11,9,0,24,30,2016,3,0.1,90,5.386000156,1.0,1.3,290,19.2,-8.8,1019.4,-2.5,71.3,-7.0,-1.0,0,0,0,0,0,0,0,0,0,0,0,0,0,0,0,0,0,0,1,0,0,0,1,0,0,0,0,1,0,0,0,0,0,0,0,0,0,0,0,1950
28,25,12,13,30,2016,3,0.03,76,21.97200012,4.5,17.2,224,8.6,3.5,1015.6,10.1,53.1,2.9,12.4,0,0,0,0,0,0,0,0,0,0,0,1,0,0,0,0,0,0,1,0,0,0,0,0,0,0,0,1,0,0,0,0,0,0,0,0,0,0,0,1956
22,18,0,11,0,2016,3,0.1,160,28.48550034,5.0,18.6,20,7.0,0.8,1021.8,8.8,58.4,-0.1,4.7,0,0,0,0,0,0,0,0,0,0,1,0,0,0,0,0,0,0,1,0,0,0,0,0,0,0,0,0,0,1,0,0,0,0,0,0,0,0,0,1959
15,15,6,11,20,2016,3,0.1,92,8.582500458,1.0,14.8,340,9.8,2.1,1014.7,10.2,62.4,2.2,9.9,0,0,0,0,0,0,0,0,0,1,0,0,0,0,0,0,0,1,0,0,0,0,0,0,1,0,0,1,0,0,0,0,0,0,0,0,0,0,0,1960
50,14,6,6,10,2016,3,0.1,58,28.98760033,1.5,6.7,340,19.6,-4.9,1018.2,1.4,65.0,-4.7,4.7,0,0,0,0,0,0,0,0,0,0,0,0,0,0,0,1,0,0,1,0,0,0,0,0,0,0,1,0,0,1,0,0,0,0,0,0,0,0,0,1968
4,4,11,8,4,2016,3,0.02,53,17.66230011,2.4,25.3,180,6.5,6.7,1019.6,16.5,41.8,1.3,19.5,0,0,0,0,0,0,1,0,0,0,0,0,0,0,0,0,0,0,1,0,0,0,1,0,0,0,0,0,0,1,0,0,0,0,0,0,0,0,0,1970
14,1,0,7,15,2016,3,0.04,37,0.0,1.0,14.9,70,5.9,9.2,1011.6,11.7,93.8,10.6,12.2,0,0,0,0,0,0,0,0,0,0,0,0,0,0,0,0,1,0,1,0,0,0,1,0,0,0,0,1,0,0,0,0,0,0,0,0,0,0,0,1972
8,6,0,30,20,2016,3,0.6,75,18.43490028,2.0,21.5,290,10.1,10.3,1015.3,15.5,17.3,-10.1,17.5,0,0,0,0,0,0,0,0,0,0,0,0,0,0,0,0,0,0,1,0,0,1,0,0,0,0,0,1,0,0,0,0,0,1,0,0,0,0,0,1985
15,7,0,12,12,2016,3,0.6,124,33.98490143,8.9,20.3,140,4.8,3.4,1008.3,10.6,58.8,2.2,10.2,0,0,0,0,0,0,0,0,0,0,0,1,0,0,0,0,0,0,1,0,0,0,0,0,0,0,0,0,0,0,1,0,0,0,0,0,0,0,0,1999
20,8,0,11,0,2016,3,0.03,26,15.04240036,1.6,11.8,340,6.4,1.0,1020.1,6.4,70.5,1.0,5.2,0,0,0,0,0,0,0,1,0,0,0,0,0,0,0,0,0,0,0,0,1,0,1,0,0,0,0,0,0,0,1,0,0,0,0,0,0,0,0,2022
20,13,8,6,0,2016,3,0.09,51,16.91650009,2.5,17.3,270,7.7,1.3,1015.9,9.2,53.4,-1.1,7.7,0,0,0,0,0,0,0,1,0,0,0,0,0,0,0,0,0,0,1,0,0,1,0,0,0,0,0,0,0,1,0,0,0,0,0,0,0,0,0,2027
56,11,0,4,25,2016,3,0.3,127,15.1796999,2.6,14.0,200,9.0,-3.8,1016.6,5.2,46.8,-7.3,8.4,0,0,0,0,0,0,0,0,0,0,0,0,0,0,0,1,0,0,1,0,0,0,0,0,1,0,0,1,0,0,0,0,0,0,0,0,0,0,0,2038
8,8,0,40,66,2016,3,2.0,336,14.95919991,4.9,16.2,230,7.6,-3.2,1017.8,6.5,47.4,-5.7,9.4,0,0,0,0,0,0,0,0,0,0,1,0,0,0,0,0,0,0,1,0,0,0,0,1,0,0,0,0,0,1,0,0,0,0,0,0,0,0,0,2050
22,4,0,8,5,2016,3,0.03,45,22.61989975,17.9,13.3,230,7.6,1.9,1024.4,7.1,51.6,-2.6,10.9,0,0,0,0,0,0,0,1,0,0,0,0,0,0,0,0,0,0,1,0,0,0,0,1,0,0,0,0,0,0,1,0,0,0,0,0,0,0,0,2064
32,12,22,4,23,2016,3,1.5,158,14.15550041,5.9,21.4,320,7.1,-0.5,1013.1,10.9,32.3,-8.1,13.1,0,0,0,0,0,0,0,0,0,0,0,0,0,0,0,1,0,0,1,0,0,1,0,0,0,0,0,0,1,0,0,0,0,0,0,0,0,0,0,2087
30,2,0,8,45,2016,4,0.2,58,4.763599873,4.7,12.2,320,13.4,-2.7,1021.8,4.5,23.1,-15.3,7.0,0,0,0,0,0,0,0,0,0,0,0,0,0,1,0,0,0,0,1,0,0,0,0,0,0,0,0,1,0,0,0,0,0,0,0,0,0,0,0,2096
50,6,2,12,100,2016,4,6.0,455,22.8621006,5.3,24.3,70,7.0,1.6,1011.3,11.6,51.1,-0.2,14.7,0,0,0,0,1,0,0,0,0,0,0,0,0,0,0,0,0,0,1,0,0,0,0,0,0,0,0,0,1,0,0,0,0,0,0,0,0,0,0,2100
28,13,0,40,72,2016,4,0.2,64,14.03619957,0.2,-4.4,290,14.2,-13.4,1020.6,-8.3,16.6,-29.7,-4.1,0,0,0,0,0,0,0,0,0,0,1,0,0,0,0,0,0,0,1,0,0,0,0,0,0,0,0,1,0,0,0,0,0,0,0,0,0,0,0,2095
5,5,0,25,18,2016,4,0.5,67,11.49950027,0.0,24.4,270,6.3,4.6,1011.2,15.1,30.4,-5.2,12.9,0,0,0,0,0,0,0,0,0,0,0,0,0,0,0,0,1,0,1,0,0,0,0,0,0,0,0,1,0,0,0,0,0,0,0,0,0,0,0,2113
33,39,7,22,38,2016,4,1.0,220,17.59410095,7.5,23.9,270,9.7,4.2,1014.3,14.1,37.3,-2.7,16.3,0,0,0,0,0,0,0,0,0,0,0,0,0,0,1,0,0,0,1,0,0,0,0,0,0,1,0,0,0,0,1,0,0,0,0,0,0,0,0,2132
12,12,7,10,33,2016,4,0.5,146,21.8185997,2.9,23.7,270,8.7,4.6,1013.6,15.2,37.0,-1.3,19.3,0,0,0,0,0,0,1,0,0,0,0,0,0,0,0,0,0,0,1,0,0,0,0,0,0,1,0,1,0,0,0,0,0,0,0,0,0,0,0,2140
21,21,4,10,40,2016,4,2.0,355,4.763599873,2.8,22.9,270,9.0,1.8,1014.2,13.5,39.3,-2.5,13.6,0,0,0,0,0,0,0,0,0,0,0,0,0,1,0,0,0,1,0,0,0,0,0,0,0,1,0,1,0,0,0,0,0,0,0,0,0,0,0,2144
33,8,0,5,0,2016,4,0.01,59,0.0,1.0,21.4,320,5.6,11.4,1003.8,15.6,67.5,9.3,17.1,0,0,0,0,0,0,0,0,0,0,0,0,0,0,0,1,0,0,1,0,0,0,0,1,0,0,0,0,0,1,0,0,0,0,0,0,0,0,0,2151
38,21,7,8,44,2016,4,0.05,74,8.984900475,3.8,23.1,160,9.2,6.4,1011.1,14.7,37.0,-3.2,13.5,0,0,0,0,0,0,0,1,0,0,0,0,0,0,0,0,0,0,1,0,0,0,1,0,0,0,0,1,0,0,0,0,0,0,0,0,0,0,0,2159
24,24,20,11,73,2016,4,0.8,130,24.63430023,1.0,24.3,200,8.0,3.2,1011.0,13.8,40.9,-3.0,15.8,0,0,0,0,0,0,0,0,0,0,0,0,0,0,1,0,0,0,1,0,0,0,1,0,0,0,0,1,0,0,0,0,0,0,0,0,0,0,0,2166
8,9,0,9,21,2016,4,0.08,72,20.30750084,1.6,24.1,290,16.2,10.3,1007.4,18.3,40.8,3.3,16.2,1,0,0,0,0,0,0,0,0,0,0,0,0,0,0,0,0,0,1,0,0,0,0,0,0,1,0,0,0,1,0,0,0,0,0,0,0,0,0,2169
10,8,0,20,11,2016,4,0.7,89,30.33769989,4.5,17.2,244,8.6,3.5,1015.6,10.1,53.1,-3.14,12.4,0,0,0,0,0,0,0,0,0,0,0,1,0,0,0,0,0,0,1,0,0,0,0,1,0,0,0,1,0,0,0,0,0,0,0,0,0,0,0,2178
15,15,8,18,20,2016,4,0.04,70,20.9734993,7.3,24.9,140,10.7,11.2,993.7,16.8,56.1,5.9,16.8,0,0,1,0,0,0,0,0,0,0,0,0,0,0,0,0,0,1,0,0,0,0,0,0,0,1,0,0,0,1,0,0,0,0,0,0,0,0,0,2192
45,15,11,15,72,2016,4,0.05,100,14.62110043,0.6,18.1,320,13.3,6.2,1012.8,11.6,57.9,3.0,13.4,0,0,1,0,0,0,0,0,0,0,0,0,0,0,0,0,0,1,0,0,0,0,0,0,1,0,0,0,0,1,0,0,0,0,0,0,0,0,0,2195
27,15,0,20,118,2016,4,0.03,70,21.86989975,2.4,24.9,270,18.1,12.0,1005.5,19.6,41.1,5.7,19.3,0,0,0,0,0,0,0,0,0,0,0,0,0,0,0,0,0,0,1,0,0,0,0,0,0,1,0,1,0,0,0,1,0,0,0,0,0,0,0,2204
37,20,2,13,24,2016,5,0.03,140,13.26270008,10.2,21.1,320,12.3,8.5,1006.2,14.2,49.4,2.6,18.7,0,0,1,0,0,0,0,0,0,0,0,0,0,0,0,0,0,0,1,0,0,0,0,0,0,1,0,0,0,1,0,0,0,0,0,0,0,0,0,2206
25,15,0,16,15,2016,5,0.1,126,19.18840027,4.4,25.6,110,8.7,14.7,1007.5,20.4,54.6,10.4,22.9,0,0,1,0,0,0,0,0,0,0,0,0,0,0,0,0,0,0,1,0,0,1,0,0,0,0,0,0,1,0,0,0,0,0,0,0,0,0,0,2210
29,11,24,8,5,2016,5,2.0,160,36.42229843,4.5,27.9,70,5.0,6.4,1016.7,16.2,45.0,0.4,21.6,0,0,0,0,0,0,0,0,0,1,0,0,0,0,0,0,0,0,1,0,0,0,0,0,0,1,0,0,0,0,1,0,0,0,0,0,0,0,0,2213
33,9,19,6,11,2016,5,0.1,138,27.07889938,3.0,26.3,340,15.7,9.9,1000.6,18.2,55.5,8.1,22.7,0,0,0,0,0,0,0,0,0,1,0,0,0,0,0,0,0,0,1,0,0,0,0,0,1,0,0,0,0,1,0,0,0,0,0,0,0,0,0,2214
8,8,0,25,56,2016,5,0.05,146,0.0,1.2,28.2,140,8.9,15.7,1014.8,21.2,46.6,8.5,25.4,0,0,0,0,0,1,0,0,0,0,0,0,0,0,0,0,0,0,1,0,0,0,1,0,0,0,0,1,0,0,0,0,0,0,0,0,0,0,0,2215
12,9,7,10,0,2016,5,0.08,65,6.091499805,0.2,11.3,360,13.0,4.2,1018.3,7.2,63.9,-0.3,10.2,0,0,0,0,0,0,0,1,0,0,0,0,0,0,0,0,0,0,1,0,0,0,0,0,0,0,0,1,0,0,0,0,0,0,0,0,0,0,0,2217
15,10,0,15,0,2016,5,0.01,176,0.0,1.5,29.8,320,4.9,10.3,1015.5,20.0,48.1,6.7,23.8,0,0,0,0,0,0,0,0,0,0,0,1,0,0,0,0,0,0,1,0,0,0,0,0,0,1,0,1,0,0,0,0,0,0,0,0,0,0,0,2219
52,8,13,10,12,2016,5,0.05,105,9.64620018,0.1,29.8,360,6.6,7.0,1015.5,17.5,40.4,1.4,25.3,0,0,0,0,1,0,0,0,0,0,0,0,0,0,0,0,0,0,1,0,0,0,0,0,0,1,0,0,0,1,0,0,0,0,0,0,0,0,0,2220
48,5,0,17,24,2016,5,1.0,125,13.51580048,6.3,25.2,270,9.8,6.7,1002.0,17.3,59.8,8.3,23.5,0,0,0,0,0,0,0,0,0,0,0,0,0,1,0,0,0,0,1,0,0,0,0,1,0,0,0,0,0,1,0,0,0,0,0,0,0,0,0,2227
19,19,6,8,14,2016,6,0.1,55,22.22439957,5.4,9.5,200,6.1,-1.0,1020.3,4.1,74.0,-0.5,9.3,0,0,0,0,0,0,0,0,1,0,0,0,0,0,0,0,0,0,1,0,0,0,0,0,0,0,0,0,0,1,0,0,0,0,0,0,0,0,0,2235
23,10,26,4,0,2016,6,0.01,115,19.31030083,4.5,17.2,200,8.6,3.5,1015.6,10.1,53.1,5.08,12.4,0,0,0,0,0,0,0,0,0,0,0,0,0,0,0,1,0,0,1,0,0,0,0,0,0,1,0,0,0,1,0,0,0,0,0,0,0,0,0,2237
25,10,0,15,20,2016,6,0.1,162,10.21940041,0.0,21.9,90,8.6,15.7,1011.9,18.0,83.0,14.9,25.4,0,0,0,0,0,0,0,0,0,0,0,0,0,0,0,0,0,0,1,0,0,0,0,1,0,0,0,1,0,0,0,0,0,0,0,0,0,0,0,2246
10,10,4,4,20,2016,6,0.01,130,28.91049957,0.2,28.5,160,7.3,12.9,1009.9,19.7,61.6,11.3,28.4,0,0,0,0,0,0,0,0,1,0,0,0,0,0,0,0,0,0,0,0,0,0,0,1,0,0,0,0,0,1,0,0,0,0,0,0,0,0,0,2248
30,24,3,8,45,2016,6,0.1,100,18.96229935,7.5,30.3,180,6.1,12.7,1008.3,21.6,57.5,11.7,28.7,0,0,0,0,0,0,0,0,0,0,0,0,0,0,1,0,0,0,1,0,0,0,0,0,0,0,0,1,0,0,0,0,0,0,0,0,0,0,0,2249
32,14,25,7,0,2016,6,0.2,83,13.42150021,14.3,32.0,320,10.1,15.2,1007.9,23.2,50.3,10.9,31.0,0,0,0,0,0,0,0,0,0,1,0,0,0,0,0,0,0,0,1,0,0,0,0,0,0,0,0,0,0,0,1,0,0,0,0,0,0,0,0,2250
16,10,0,15,0,2016,6,0.01,90,32.11259842,0.0,29.1,200,6.4,18.0,1003.1,23.6,70.4,17.2,25.9,0,0,0,0,0,0,0,0,0,0,0,1,0,0,0,0,0,0,1,0,0,0,0,0,0,0,0,0,0,1,0,0,0,0,0,0,0,0,0,2256
10,10,0,8,18,2016,6,0.05,96,8.984900475,0.2,29.6,290,4.2,19.2,1003.1,24.4,56.6,14.6,27.2,0,0,0,0,0,0,0,1,0,0,0,0,0,0,0,0,0,0,1,0,0,0,0,1,0,0,0,0,1,0,0,0,0,0,0,0,0,0,0,2260
36,9,0,8,10,2016,6,0.3,120,19.78790092,0.0,30.3,200,7.5,21.8,1007.9,25.5,51.4,14.4,29.2,0,0,0,0,0,0,0,0,0,0,0,0,0,0,0,0,1,0,1,0,0,0,1,0,0,0,0,0,0,1,0,0,0,0,0,0,0,0,0,2264
24,24,12,17,0,2016,8,0.04,171,28.48550034,0.7,34.1,360,4.6,24.3,1003.4,28.6,62.6,20.3,33.0,0,0,0,0,0,0,0,0,0,0,0,0,0,0,0,0,1,0,1,0,0,1,0,0,0,0,0,0,0,1,0,0,0,0,0,0,0,0,0,2271
30,30,10,12,0,2016,8,0.03,136,20.15539932,1.0,33.8,360,5.1,23.8,1003.8,28.1,59.1,18.8,31.1,0,0,0,0,0,0,0,1,0,0,0,0,0,0,0,0,0,0,1,0,0,0,0,0,0,0,1,0,1,0,0,0,0,0,0,0,0,0,0,2273
25,18,0,12,10,2016,9,0.01,140,7.825500011,4.5,17.2,158,8.6,3.5,1015.6,10.1,53.1,-1.08,12.4,0,0,0,0,0,0,0,0,0,0,0,1,0,0,0,0,0,1,0,0,0,0,0,0,0,0,1,0,0,1,0,0,0,0,0,0,0,0,0,2284
34,25,0,9,14,2016,11,0.01,37,12.63819981,4.5,17.2,232,8.6,3.5,1015.6,10.1,53.1,-1.92,12.4,0,0,1,0,0,0,0,0,0,0,0,0,0,0,0,0,0,0,1,0,0,0,0,1,0,0,0,0,0,0,1,0,0,0,0,0,0,0,0,2287
10,7,0,13,8,2016,11,0.01,81,23.93090057,0.5,12.4,320,6.8,6.6,1016.2,9.3,62.9,2.5,8.9,0,0,0,0,0,0,0,0,0,0,0,0,0,0,0,0,0,0,1,0,0,0,0,1,0,0,0,1,0,0,0,0,0,0,0,0,0,0,0,2289
4,4,0,12,18,2016,11,0.03,65,20.00180054,0.4,18.3,340,8.8,7.0,1018.3,11.5,49.9,-0.4,15.9,0,0,0,0,0,0,0,0,0,0,0,0,0,0,0,0,1,0,1,0,0,0,0,0,0,0,0,0,0,1,0,0,0,0,0,0,0,0,0,2293
11,9,0,12,28,2017,1,0.05,98,17.77529907,0.2,1.5,230,9.5,-11.5,1021.8,-4.1,41.6,-16.0,-1.7,0,0,0,0,0,0,0,0,0,0,0,1,0,0,0,0,0,0,1,0,0,0,1,0,0,0,0,0,0,0,1,0,0,0,0,0,0,0,0,2310
12,10,0,25,30,2017,1,0.03,71,0.0,0.2,5.4,270,12.3,-3.0,1008.8,1.1,31.8,-15.0,-0.4,0,0,0,0,0,0,0,0,0,0,0,0,0,0,0,0,0,0,1,0,0,1,0,0,0,0,0,1,0,0,0,0,1,0,0,0,0,0,0,2312
14,5,0,12,25,2017,1,0.04,71,0.95480001,0.1,-2.3,290,13.4,-8.9,1016.8,-5.6,27.8,-21.7,-3.4,0,0,0,0,0,1,0,0,0,0,0,0,0,0,0,0,0,1,0,0,0,0,0,0,0,1,0,0,1,0,0,0,1,0,0,0,0,0,0,2313
19,34,0,13,20,2017,1,0.02,36,16.05109978,1.7,10.0,320,8.3,-0.1,1031.9,4.5,38.6,-8.9,4.3,0,0,0,0,0,1,0,0,0,0,0,0,0,0,0,0,0,0,1,0,0,0,0,1,0,0,0,1,0,0,0,0,1,0,0,0,0,0,0,2316
12,12,8,20,30,2017,2,0.03,59,30.82670021,0.4,3.5,320,7.7,-6.7,1031.0,-1.8,44.5,-12.9,1.0,0,0,0,0,0,0,0,0,0,0,0,0,0,0,0,0,0,0,1,0,0,0,0,0,0,0,1,0,0,1,0,0,0,0,0,0,0,0,0,2373
11,19,8,15,27,2017,2,0.01,30,30.82670021,0.9,14.2,200,17.3,5.4,1016.0,9.3,76.0,5.1,9.5,0,0,0,0,0,0,0,0,0,0,0,0,0,0,0,0,0,0,0,0,1,0,1,0,0,0,0,0,0,1,0,0,0,0,0,0,0,0,0,2376
39,14,12,11,50,2017,2,0.2,59,6.721399784,4.5,17.2,236,8.6,3.5,1015.6,10.1,53.1,6.16,12.4,0,0,0,0,0,0,0,0,0,0,0,0,0,0,1,0,0,0,1,0,0,0,0,0,0,0,1,1,0,0,0,0,0,0,0,0,0,0,0,2382
34,40,8,7,18,2017,3,0.01,155,25.37689972,0.5,9.7,290,5.7,-5.4,1017.5,1.5,63.8,-5.7,3.3,0,0,0,0,0,0,0,0,0,0,0,0,0,0,1,0,0,0,1,0,0,0,0,0,0,0,0,0,0,1,0,0,0,0,0,0,0,0,0,2388
30,4,0,299,328,2017,3,75.0,2162,26.36009979,0.6,13.0,270,11.6,2.6,1006.2,7.4,31.4,-8.8,6.0,0,0,0,0,0,0,0,0,0,0,0,0,0,0,0,0,0,0,1,0,0,1,0,0,0,0,0,0,1,0,0,0,0,1,0,0,0,0,0,2401
5,5,0,12,0,2017,3,0.01,45,10.55539989,18.2,7.0,140,5.1,3.5,1004.8,6.1,87.6,4.0,5.3,0,0,0,0,0,0,0,0,0,0,0,1,0,0,0,0,0,0,1,0,0,0,0,0,0,0,0,0,0,1,0,0,0,0,0,0,0,0,0,2407
11,11,0,12,30,2017,3,0.2,1290,15.89700031,2.8,18.1,290,10.5,5.0,1015.3,12.3,42.1,-2.5,17.6,0,0,0,0,0,0,0,0,0,0,0,0,0,0,1,0,0,0,1,0,0,0,0,0,0,0,0,0,0,1,0,0,0,0,0,0,0,0,0,2418
50,14,7,9,52,2017,3,0.3,302,30.4185009,8.4,14.5,140,6.2,-5.1,1019.8,3.8,44.9,-9.3,4.2,0,0,0,0,1,0,0,0,0,0,0,0,0,0,0,0,0,1,0,0,0,0,0,0,0,1,0,0,0,1,0,0,0,0,0,0,0,0,0,2433
33,39,7,6,17,2017,3,0.05,152,23.06900024,0.1,17.7,270,8.1,-4.0,1019.0,6.6,38.6,-9.2,6.2,0,0,0,0,0,0,0,0,0,0,0,0,0,0,1,0,0,1,0,0,0,0,0,0,0,1,0,0,0,1,0,0,0,0,0,0,0,0,0,2439
26,13,0,20,100,2017,3,0.3,115,12.26010036,0.0,13.5,230,7.5,0.5,1017.7,7.0,59.8,-0.7,5.7,0,0,0,0,0,0,0,0,0,0,0,1,0,0,0,0,0,0,0,1,0,0,0,0,1,0,0,1,0,0,0,0,0,0,0,0,0,0,0,2449
23,12,6,10,0,2017,3,0.3,82,25.84930038,0.0,15.6,200,6.1,3.4,1013.5,8.7,52.1,-2.0,10.0,0,0,0,0,0,0,1,0,0,0,0,0,0,0,0,0,0,1,0,0,0,0,0,1,0,0,0,1,0,0,0,0,0,0,0,0,0,0,0,2455
23,10,0,20,64,2017,3,0.3,149,21.13549995,0.6,12.0,360,9.4,-2.3,1015.4,4.0,59.8,-4.3,4.9,0,0,0,0,0,0,0,0,0,0,0,1,0,0,0,0,0,1,0,0,0,0,0,0,0,0,1,0,0,0,1,0,0,1,0,0,0,0,0,2462
55,17,20,7,12,2017,3,0.1,105,16.7961998,0.7,12.5,290,9.9,-3.2,1015.3,3.3,56.6,-5.6,4.9,0,0,0,0,0,0,0,0,0,0,0,0,0,0,0,1,0,0,1,0,0,0,0,0,0,0,1,0,0,1,0,0,0,0,0,0,0,0,0,2461
43,29,11,15,30,2017,3,0.5,189,25.48609924,0.4,14.0,20,11.9,1.9,1014.1,6.3,71.0,0.9,10.9,0,0,0,0,0,0,0,0,0,0,0,0,0,0,1,0,0,1,0,0,0,0,0,0,0,0,1,1,0,0,0,0,0,0,0,0,0,0,0,2465
17,11,0,12,11,2017,3,0.05,88,22.66860008,7.3,12.8,230,4.2,-4.6,1020.4,3.7,51.8,-7.2,4.5,0,0,0,0,0,0,0,0,0,0,0,1,0,0,0,0,0,0,0,0,1,0,1,0,0,0,0,0,0,1,0,0,0,1,0,0,0,0,0,2468
13,15,0,8,3,2017,3,0.1,61,1.350200057,2.2,22.2,250,8.4,13.0,1009.0,16.5,64.5,9.3,19.6,0,0,0,0,0,0,0,0,0,0,1,0,0,0,0,0,0,0,1,0,0,0,0,0,0,0,0,0,0,1,0,0,0,0,0,0,0,0,0,2486
23,10,0,10,0,2017,3,0.1,70,3.438899994,8.2,18.5,290,8.8,7.2,1019.6,12.5,34.9,-2.9,11.7,1,0,0,0,0,0,0,0,0,0,0,0,0,0,0,0,0,0,1,0,0,0,0,0,0,1,0,0,0,1,0,0,0,0,0,0,0,0,0,2493
38,17,7,20,40,2017,3,0.3,115,23.02149963,7.1,11.9,110,7.0,-5.1,1022.3,2.9,53.3,-7.0,4.4,0,0,0,0,0,0,0,0,0,0,0,0,0,1,0,0,0,0,1,0,0,0,0,0,1,0,0,1,0,0,0,0,0,0,0,0,0,0,0,2508
50,10,14,6,32,2017,3,1.5,240,28.82189941,3.2,19.0,50,6.4,-2.5,1022.3,7.7,46.3,-5.4,9.3,0,0,0,0,0,0,0,0,0,0,0,0,0,0,0,1,0,0,1,0,0,0,0,0,1,0,0,1,0,0,0,0,0,1,0,0,0,0,0,2510
6,6,0,12,22,2017,3,0.2,50,25.51329994,1.3,4.9,320,10.2,-3.9,1013.0,0.4,61.1,-6.7,2.7,0,0,0,0,0,0,1,0,0,0,0,0,0,0,0,0,0,0,1,0,0,0,0,0,1,0,0,0,0,1,0,0,0,0,0,0,0,0,0,2523
7,6,0,21,40,2017,3,0.05,106,21.26040077,0.1,19.0,320,5.2,-1.2,1022.6,8.2,47.1,-4.2,8.3,0,0,0,0,0,0,0,0,0,0,0,1,0,0,0,0,0,0,1,0,0,0,0,0,1,0,0,1,0,0,0,0,0,0,0,0,0,0,0,2531
3,3,0,18,30,2017,3,0.01,57,37.53490067,21.2,16.2,340,7.9,-3.3,1031.6,5.3,56.3,-5.0,8.6,0,0,0,0,0,0,0,0,1,0,0,0,0,0,0,0,0,0,1,0,0,0,1,0,0,0,0,1,0,0,0,0,0,0,0,0,0,0,0,2541
43,9,0,6,24,2017,3,0.15,141,14.27359962,10.4,13.1,270,8.1,-5.2,1018.1,4.8,43.3,-9.1,6.7,0,0,0,0,0,0,0,0,0,0,0,0,0,0,0,1,0,0,1,0,0,0,1,0,0,0,0,0,1,0,0,0,0,0,0,0,0,0,0,2542
20,20,3,9,28,2017,3,0.5,108,26.88030052,2.5,15.5,110,9.1,0.0,1016.2,7.1,39.6,-7.8,9.4,0,0,0,0,0,0,0,0,0,0,0,0,0,0,0,0,1,0,1,0,0,1,0,0,0,0,0,1,0,0,0,0,0,0,0,0,0,0,0,2546
11,11,4,14,23,2017,3,0.4,129,7.652999878,12.0,19.4,290,4.9,-1.1,1017.5,9.3,49.5,-3.6,11.0,0,0,0,0,0,0,0,0,0,0,0,0,0,0,1,0,0,1,0,0,0,1,0,0,0,0,0,0,0,0,1,0,0,0,0,0,0,0,0,2574
20,8,0,14,47,2017,3,0.01,80,24.6916008,1.4,18.9,90,7.3,-0.9,1017.8,9.3,58.4,0.0,9.6,0,0,0,0,0,0,0,0,0,0,0,1,0,0,0,0,0,1,0,0,0,1,0,0,0,0,0,1,0,0,0,0,0,0,0,0,0,0,0,2573
4,4,0,6,38,2017,4,0.1,95,10.3888998,7.8,20.7,290,7.8,0.0,1020.6,11.1,46.9,-2.3,11.8,0,0,0,0,0,0,0,0,0,0,1,0,0,0,0,0,0,0,1,0,0,0,0,0,0,0,1,0,1,0,0,0,0,0,0,0,0,0,0,2599
48,23,0,8,15,2017,4,0.3,109,23.56719971,11.4,23.7,230,9.2,7.8,1006.8,16.2,58.0,6.8,17.0,0,0,0,0,0,0,1,0,0,0,0,0,0,0,0,0,0,0,1,0,0,0,0,0,0,1,0,1,0,0,0,0,0,0,0,0,0,0,0,2603
13,12,2,20,22,2017,4,0.2,160,25.36319923,0.9,21.1,160,7.6,8.0,1007.0,14.9,21.1,-10.5,15.4,0,0,0,0,0,0,0,1,0,0,0,0,0,0,0,0,0,0,1,0,0,0,0,1,0,0,0,1,0,0,0,0,0,0,0,0,0,0,0,2605
40,30,10,7,0,2017,4,0.01,150,10.3888998,1.2,21.7,360,8.7,3.5,1007.3,13.4,35.0,-6.4,16.5,0,0,0,0,0,0,0,0,0,0,1,0,0,0,0,0,0,0,1,0,0,0,0,1,0,0,0,0,0,1,0,0,0,0,0,0,0,0,0,2611
18,9,0,21,6,2017,4,0.01,129,8.049500465,9.0,16.3,290,11.5,1.4,1010.1,9.6,21.9,-12.9,13.6,0,0,0,0,0,0,0,0,0,0,1,0,0,0,0,0,0,0,1,0,0,0,1,0,0,0,0,1,0,0,0,0,0,0,0,0,0,0,0,2613
17,12,0,11,26,2017,4,0.35,168,32.05789948,0.0,19.3,180,9.1,1.0,1011.8,12.0,45.5,-1.3,14.5,0,0,0,0,0,0,0,0,0,0,0,1,0,0,0,0,0,0,1,0,0,1,0,0,0,0,0,0,0,0,1,0,0,1,0,0,0,0,0,2621
11,4,0,10,15,2017,4,0.02,19,0.0,0.6,18.7,180,8.2,-4.6,1019.0,6.0,54.3,-4.7,5.4,1,0,0,0,0,0,0,0,0,0,0,0,0,0,0,0,0,0,1,0,0,1,0,0,0,0,0,1,0,0,0,0,0,0,0,0,0,0,0,2625
10,6,0,12,0,2017,4,0.01,38,6.918200016,0.8,21.8,290,6.9,5.1,1016.1,12.9,47.6,0.3,13.4,1,0,0,0,0,0,0,0,0,0,0,0,0,0,0,0,0,0,1,0,0,1,0,0,0,0,0,0,0,1,0,0,0,0,0,0,0,0,0,2635
6,6,0,11,3,2017,4,0.06,82,2.134299994,0.1,21.8,290,8.8,6.5,1013.7,14.5,38.3,-1.3,16.8,0,0,0,0,0,0,0,0,0,0,0,0,0,0,0,0,1,0,1,0,0,0,0,0,1,0,0,1,0,0,0,0,0,0,0,0,0,0,0,2638
22,22,0,7,18,2017,4,0.2,69,18.45639992,5.0,23.3,270,9.1,4.4,1013.6,14.3,48.3,1.1,17.1,0,0,0,0,0,0,1,0,0,0,0,0,0,0,0,0,0,0,1,0,0,0,0,0,1,0,0,1,0,0,0,0,0,0,0,0,0,0,0,2640
51,9,0,6,13,2017,4,0.12,118,16.7961998,7.3,21.5,140,8.4,3.2,1012.4,13.0,43.3,-1.9,15.1,0,0,0,0,1,0,0,0,0,0,0,0,0,0,0,0,0,0,1,0,0,0,0,0,1,0,0,1,0,0,0,0,0,0,0,0,0,0,0,2641
8,4,0,11,0,2017,4,0.01,32,17.66230011,0.5,9.4,270,13.2,-3.4,1017.1,3.8,32.4,-12.3,4.8,0,0,0,1,0,0,0,0,0,0,0,0,0,0,0,0,0,0,1,0,0,0,0,0,1,0,0,0,0,1,0,0,0,0,0,0,0,0,0,2643
13,5,0,50,100,2017,4,0.3,50,10.75959969,0.3,7.9,250,8.0,-4.3,1023.4,1.5,37.9,-12.3,3.4,0,0,0,0,0,0,0,0,0,0,0,0,0,0,0,0,0,1,0,0,0,0,0,1,0,0,0,1,0,0,0,0,0,1,0,0,0,0,0,2650
77,43,16,5,28,2017,4,0.1,360,34.41740036,0.0,17.6,270,19.2,2.6,997.0,9.5,46.3,-2.7,9.7,0,0,0,0,0,0,0,0,0,0,0,0,0,0,1,0,0,1,0,0,0,0,0,0,0,0,0,0,1,0,0,0,0,0,0,0,0,0,0,2676
14,6,0,8,20,2017,4,0.1,113,8.478699684,0.1,27.1,250,13.2,9.5,998.7,19.2,41.5,3.2,24.0,1,0,0,0,0,0,0,0,0,0,0,0,0,0,0,0,0,0,1,0,0,0,0,0,0,1,0,0,0,1,0,0,0,0,0,0,0,0,0,2679
13,12,0,6,0,2017,4,0.5,987,51.84899902,9.3,24.7,270,10.5,6.1,1003.8,15.8,50.0,2.7,18.7,0,0,0,0,0,0,0,0,0,0,0,1,0,0,0,0,0,0,1,0,0,0,0,0,0,1,0,0,1,0,0,0,0,0,0,0,0,0,0,2689
8,8,17,10,0,2017,5,0.5,240,37.48270035,8.8,26.7,20,6.2,9.4,1011.9,17.0,33.0,-1.0,23.1,0,0,0,0,0,0,0,0,1,0,0,0,0,0,0,0,0,0,1,0,0,0,0,1,0,0,0,0,0,1,0,0,0,0,0,0,0,0,0,2699
10,4,0,16,18,2017,5,0.05,75,16.72360039,0.4,19.3,180,8.1,9.3,1013.7,14.6,62.1,7.2,24.6,1,0,0,0,0,0,0,0,0,0,0,0,0,0,0,0,0,0,1,0,0,0,0,1,0,0,0,0,0,1,0,0,0,0,0,0,0,0,0,2702
33,28,7,12,46,2017,5,0.05,110,13.32649994,7.6,26.9,180,5.4,11.6,1018.6,19.2,39.0,3.9,21.4,0,0,0,0,0,0,0,1,0,0,0,0,0,0,0,0,0,0,1,0,0,0,0,0,0,0,1,0,0,0,1,0,0,0,0,0,0,0,0,2706
34,17,9,10,27,2017,5,0.3,306,18.96229935,19.7,18.8,160,7.7,9.4,1020.2,14.0,75.3,9.6,22.4,0,0,0,0,0,0,0,0,0,0,0,0,0,0,1,0,0,0,1,0,0,0,0,0,0,0,1,1,0,0,0,0,0,0,0,0,0,0,0,2707
13,5,6,12,50,2017,5,0.05,32,14.15550041,0.5,11.2,270,9.3,-4.1,1014.9,2.0,69.5,-4.1,5.0,1,0,0,0,0,0,0,0,0,0,0,0,0,0,0,0,0,0,1,0,0,0,0,0,0,0,1,1,0,0,0,0,0,0,0,0,0,0,0,2708
8,8,5,8,20,2017,5,0.3,343,31.43479919,11.1,30.1,290,6.9,9.6,1016.6,20.0,40.1,2.8,24.3,0,0,0,0,0,0,0,0,0,0,0,0,0,0,1,0,0,0,1,0,0,0,1,0,0,0,0,0,1,0,0,0,0,0,0,0,0,0,0,2712
40,16,6,8,15,2017,5,0.5,300,19.37080002,5.2,24.8,50,6.8,5.6,1015.6,15.6,51.3,4.3,22.5,0,0,0,0,0,0,1,0,0,0,0,0,0,0,0,0,0,0,1,0,0,0,1,0,0,0,0,0,0,1,0,0,0,0,0,0,0,0,0,2717
13,13,15,8,22,2017,5,0.1,75,35.11360168,4.4,27.1,360,20.0,13.6,1007.2,21.0,43.4,7.2,25.3,0,0,0,0,0,0,0,0,0,1,0,0,0,0,0,0,0,0,1,0,0,0,0,0,0,0,0,0,0,1,0,0,1,0,0,0,0,0,0,2728
28,26,0,10,20,2017,5,0.05,41,22.68479919,3.2,17.5,200,10.1,5.9,1017.5,13.2,57.1,4.6,11.1,0,0,0,0,0,0,0,0,0,0,0,0,0,0,0,0,0,0,1,0,0,0,0,0,0,0,0,0,0,1,0,0,0,0,0,0,0,0,0,2729
10,10,7,8,0,2017,5,0.01,127,10.21940041,0.0,27.7,290,9.9,16.2,1008.7,21.3,49.0,9.3,27.0,0,0,0,0,0,0,0,0,0,0,0,0,0,0,1,0,0,0,1,0,0,0,0,0,0,0,0,1,0,0,0,0,0,0,0,0,0,0,0,2732
38,11,0,60,55,2017,5,270.0,4298,28.82189941,0.0,18.2,250,16.1,9.2,1007.6,13.4,26.4,-6.6,21.1,0,0,1,0,0,0,0,0,0,0,0,0,0,0,0,0,0,0,1,0,0,0,0,0,0,1,0,0,0,1,0,0,0,1,0,0,0,0,0,2734
1,8,0,7,18,2017,5,0.02,37,0.0,0.7,8.0,320,5.7,-4.3,1024.8,1.1,62.0,-5.6,0.8,1,0,0,0,0,0,0,0,0,0,0,0,0,0,0,0,0,0,1,0,0,0,0,0,0,1,0,0,1,0,0,0,0,0,0,0,0,0,0,2739
29,21,2,9,25,2017,5,0.01,126,17.08309937,0.3,21.4,290,13.4,8.1,1011.4,14.9,26.8,-5.7,22.9,0,0,0,0,0,0,0,0,0,0,0,0,0,0,1,0,0,0,0,0,0,0,0,0,0,1,0,0,0,1,0,0,0,0,0,0,0,0,0,2743
14,12,0,325,600,2017,5,57.0,3782,22.8621006,4.5,15.6,250,22.2,6.9,1007.6,11.0,30.3,-6.8,15.4,0,0,0,0,0,0,0,0,0,0,0,0,0,0,0,0,0,0,1,0,0,0,0,0,0,1,0,0,1,0,0,0,0,0,0,0,0,0,0,2745
30,26,0,13,81,2017,5,0.01,178,18.43490028,1.6,24.3,250,12.0,7.0,1008.6,16.1,38.1,0.1,20.1,0,0,0,0,0,0,0,0,0,0,0,1,0,0,0,0,0,0,1,0,0,0,0,0,1,0,0,1,0,0,0,0,0,0,0,0,0,0,0,2754
11,11,0,10,20,2017,5,0.05,250,15.89700031,1.0,24.5,270,6.4,5.7,1011.0,16.6,44.5,3.6,21.4,0,0,0,0,0,0,0,0,0,0,0,0,0,0,1,0,0,0,1,0,0,0,0,1,0,0,0,0,0,1,0,0,0,0,0,0,0,0,0,2756
7,2,0,10,43,2017,5,0.03,85,10.04679966,11.8,17.3,50,8.4,12.8,1007.0,14.4,93.3,13.2,14.5,0,0,0,0,0,0,0,1,0,0,0,0,0,0,0,0,0,0,0,0,1,0,0,0,0,0,1,0,1,0,0,0,0,0,0,0,0,0,0,2757
31,29,0,18,30,2017,5,0.06,63,28.08410072,31.0,18.7,180,8.5,13.4,994.0,16.3,97.0,15.7,16.1,0,0,0,0,0,0,0,0,0,0,0,0,0,0,0,0,0,0,1,0,0,0,0,0,0,0,0,1,0,0,0,0,0,1,0,0,0,0,0,2761
57,16,2,5,22,2017,5,0.1,105,15.04240036,6.0,30.8,200,6.3,10.5,1010.1,20.9,46.0,7.3,25.4,0,0,0,0,1,0,0,0,0,0,0,0,0,0,0,0,0,0,1,0,0,0,0,0,0,1,0,0,0,1,0,0,0,0,0,0,0,0,0,2763
29,22,14,6,15,2017,5,0.04,100,29.50690079,6.7,32.7,360,7.6,11.0,1009.5,21.6,41.0,6.2,28.2,0,0,0,0,0,0,0,0,0,1,0,0,0,0,0,0,0,0,1,0,0,0,0,0,0,1,0,0,1,0,0,0,0,0,0,0,0,0,0,2764
45,9,0,2,0,2017,5,0.06,79,25.14240074,1.1,28.8,200,7.1,10.1,1012.0,19.4,51.3,8.0,27.0,0,0,0,0,0,0,0,0,0,0,0,0,0,0,0,1,0,0,1,0,0,0,0,0,0,1,0,0,0,1,0,0,0,0,0,0,0,0,0,2765
37,20,5,20,20,2017,5,0.1,270,31.74469948,0.6,27.5,160,7.9,13.0,1010.3,20.0,50.1,8.0,26.3,0,0,0,0,0,0,0,0,1,0,0,0,0,0,0,0,0,0,1,0,0,0,0,0,1,0,0,0,1,0,0,0,0,0,0,0,0,0,0,2770
22,21,0,10,7,2017,5,0.05,260,21.8185997,0.0,25.7,250,10.6,12.6,999.9,18.8,55.8,8.2,25.0,0,0,0,0,0,0,0,0,0,0,0,1,0,0,0,0,0,0,1,0,0,1,0,0,0,0,0,0,1,0,0,0,0,0,0,0,0,0,0,2779
17,9,0,10,29,2017,5,0.01,83,19.51119995,2.6,21.7,340,7.0,8.5,1006.1,16.3,54.3,6.2,22.7,0,0,0,0,0,0,0,0,0,0,0,1,0,0,0,0,0,1,0,0,0,0,0,0,0,0,0,1,0,0,0,0,0,0,0,0,0,0,0,2782
50,28,18,10,28,2017,5,0.01,82,27.36030006,0.7,18.0,90,7.6,4.2,1009.5,11.5,73.9,6.4,18.1,0,0,0,0,0,0,0,0,0,0,0,0,0,1,0,0,0,0,1,0,0,0,0,0,0,1,0,1,0,0,0,0,0,0,0,0,0,0,0,2786
24,3,0,12,20,2017,6,0.3,135,14.24419975,8.8,25.0,230,7.6,16.5,994.9,19.9,65.9,13.2,23.1,0,0,0,0,0,0,0,1,0,0,0,0,0,0,0,0,0,1,0,0,0,1,0,0,0,0,0,1,0,0,0,0,0,0,0,0,0,0,0,2803
30,9,0,20,50,2017,6,0.06,70,21.68090057,0.2,21.0,50,11.5,11.4,1002.0,16.5,55.5,6.8,25.0,0,0,0,0,0,0,0,0,0,0,0,0,0,0,0,0,0,1,0,0,0,0,0,0,0,0,0,0,0,1,0,0,0,0,0,0,0,0,0,2807
18,20,0,14,30,2017,6,0.2,690,17.08309937,9.6,26.3,320,6.9,14.9,1004.7,20.9,44.0,7.1,28.2,0,0,0,0,0,0,0,0,0,0,0,1,0,0,0,0,0,0,1,0,0,0,0,0,0,1,0,0,1,0,0,0,0,0,0,0,0,0,0,2811
10,10,0,6,31,2017,6,0.3,310,28.89940071,3.5,26.4,360,8.9,8.6,1008.2,16.4,57.9,6.1,26.0,0,0,0,0,0,0,0,0,1,0,0,0,0,0,0,0,0,0,1,0,0,0,0,0,1,0,0,1,0,0,0,0,0,0,0,0,0,0,0,2816
40,5,0,4,10,2017,6,0.1,107,4.044700146,10.5,29.0,360,9.8,9.9,1007.8,20.2,45.1,5.5,27.1,0,0,0,0,0,0,0,0,0,0,0,0,0,0,0,1,0,0,1,0,0,0,0,0,1,0,0,1,0,0,0,0,0,0,0,0,0,0,0,2817
17,17,8,6,30,2017,6,0.01,108,25.37689972,11.1,26.8,70,9.5,9.0,1008.1,19.0,44.4,4.8,29.5,0,0,0,0,0,0,0,0,0,0,1,0,0,0,0,0,0,0,1,0,0,0,0,0,1,0,0,1,0,0,0,0,0,0,0,0,0,0,0,2819
46,44,0,20,0,2017,6,0.01,58,13.03660011,4.6,15.8,270,9.9,2.2,1014.3,9.1,38.9,-5.1,11.6,0,0,0,0,0,0,0,0,0,0,0,0,0,0,0,0,0,1,0,0,0,0,0,1,0,0,0,1,0,0,0,0,0,0,0,0,0,0,0,2858
36,7,0,12,43,2017,6,0.05,1274,30.01029968,0.6,5.4,50,10.7,-3.8,1029.7,0.5,40.3,-11.8,1.7,0,0,0,0,0,0,0,0,0,0,0,0,0,0,1,0,0,1,0,0,0,0,0,1,0,0,0,1,0,0,0,0,0,0,0,0,0,0,0,2866
3,3,0,6,0,2017,6,0.01,93,16.22870064,0.4,30.3,230,8.0,18.8,1002.8,24.0,56.5,13.8,32.0,0,0,0,0,0,0,0,0,0,0,1,0,0,0,0,0,0,0,1,0,0,0,1,0,0,0,0,0,1,0,0,0,0,0,0,0,0,0,0,2870
12,12,0,22,24,2017,6,0.02,68,25.84930038,8.2,25.7,140,5.1,18.1,1006.5,22.1,82.9,19.0,30.7,0,0,0,0,0,1,0,0,0,0,0,0,0,0,0,0,0,1,0,0,0,1,0,0,0,0,0,0,1,0,0,0,0,0,0,0,0,0,0,2876
25,25,21,10,7,2017,6,0.01,210,37.05889893,1.6,35.0,290,6.8,18.1,1002.3,26.7,49.9,13.2,34.0,0,0,0,0,0,0,0,0,0,0,0,0,0,0,0,0,1,1,0,0,0,0,0,0,0,0,0,0,1,0,0,0,0,0,0,0,0,0,0,2882
17,17,0,10,25,2017,11,0.09,75,32.53469849,0.3,7.1,270,5.4,-4.5,1022.2,0.8,40.0,-12.4,2.0,0,0,0,0,0,0,0,0,0,0,0,0,0,1,0,0,0,0,1,0,0,1,0,0,0,0,0,0,1,0,0,0,0,0,0,0,0,0,0,2913
35,11,14,10,40,2017,11,0.5,65,18.62700081,1.7,28.7,140,6.3,6.6,1017.3,17.3,48.0,3.7,26.7,0,0,0,0,0,0,0,0,0,0,0,0,0,0,1,0,0,0,1,0,0,1,0,0,0,0,0,0,0,1,0,0,0,0,0,0,0,0,0,2917
25,24,8,9,20,2017,11,0.05,54,3.01699996,3.0,10.0,320,9.3,-2.4,1013.9,3.9,55.9,-5.1,2.9,0,0,0,0,0,0,0,0,0,1,0,0,0,0,0,0,0,0,1,0,0,0,0,0,1,0,0,1,0,0,0,0,0,0,0,0,1,0,0,2923
19,19,17,8,15,2017,11,0.3,125,33.05830002,0.0,5.9,270,7.6,-3.4,1022.9,0.5,59.4,-7.3,1.2,0,0,0,0,0,0,1,0,0,0,0,0,0,0,0,0,0,0,1,0,0,0,0,1,0,0,0,1,0,0,0,0,0,0,0,0,1,0,0,2928
8,8,0,11,16,2017,11,0.05,66,12.77260017,0.8,3.9,270,7.4,-4.6,1024.2,-1.0,35.9,-15.8,-0.8,0,0,0,0,0,0,0,0,0,0,0,0,0,0,1,0,0,1,0,0,0,1,0,0,0,0,0,1,0,0,0,0,0,0,0,0,0,0,0,2943
25,8,8,18,30,2017,12,0.2,146,17.77529907,1.2,6.2,290,3.2,-6.0,1026.1,0.2,58.8,-7.4,-0.7,0,0,0,0,0,0,0,1,0,0,0,0,0,0,0,0,0,0,1,0,0,0,0,0,0,1,0,1,0,0,0,0,0,0,0,0,0,0,0,2954
7,7,0,35,40,2017,12,0.3,250,16.22870064,0.3,10.4,290,11.0,-0.3,1020.6,5.8,47.5,-4.7,1.9,0,0,0,0,0,1,0,0,0,0,0,0,0,0,0,0,0,0,1,0,0,0,0,0,0,0,0,1,0,0,0,0,0,0,0,0,0,0,0,2988
15,12,3,12,35,2018,1,0.01,110,26.43720055,0.0,2.7,250,5.8,-7.2,1026.4,-2.1,48.1,-12.8,-2.1,0,0,0,0,0,0,0,1,0,0,0,0,0,0,0,0,0,0,0,0,0,0,0,0,0,0,1,0,1,0,0,0,0,0,0,0,0,0,0,3001
10,10,0,55,200,2018,1,1.2,577,26.57780075,0.6,6.8,290,8.8,-5.6,1021.2,2.3,47.1,-7.9,0.3,0,0,0,0,0,1,0,0,0,0,0,0,0,0,0,0,0,1,0,0,0,0,0,0,1,0,0,0,0,0,0,0,0,0,0,0,0,0,0,3012
39,5,0,13,38,2018,2,0.02,200,30.85610008,1.5,2.0,160,5.1,-17.5,1026.6,-9.2,60.1,-16.7,-1.7,0,0,0,0,0,0,0,0,0,0,0,0,0,0,1,0,0,0,1,0,0,1,0,0,0,0,0,0,0,1,0,0,0,0,0,0,0,0,0,3031
62,23,12,12,24,2018,2,0.06,175,30.4185009,0.0,0.5,200,8.7,-18.1,1022.8,-9.3,47.1,-19.9,-5.6,0,0,0,0,1,0,0,0,0,0,0,0,0,0,0,0,0,0,1,0,0,1,0,0,0,0,0,0,1,0,0,0,0,0,0,0,0,0,0,3050
26,21,0,13,15,2018,2,0.01,105,17.59410095,0.0,4.3,360,3.7,-11.5,1020.7,-4.5,58.9,-11.8,-4.3,0,0,0,0,0,0,0,0,0,0,0,1,0,0,0,0,0,0,1,0,0,0,0,0,0,0,0,1,0,0,0,0,0,0,0,0,0,0,0,3052
38,6,0,0,0,2018,2,67.0,3166,28.55330086,0.0,-7.0,340,16.2,-12.5,1017.0,-10.2,46.6,-20.1,-7.0,0,0,1,0,0,0,0,0,0,0,0,0,0,0,0,0,0,1,0,0,0,0,0,0,1,0,0,1,0,0,0,0,0,0,0,1,0,0,0,3069
15,0,7,15,18,2018,2,0.1,98,14.15550041,0.0,-2.1,290,9.1,-12.6,1018.6,-7.0,41.8,-18.4,-5.8,0,0,0,0,0,0,0,0,0,0,0,0,0,0,0,0,1,0,1,0,0,0,0,1,0,0,0,1,0,0,0,0,0,0,0,0,1,0,0,3073
5,5,0,15,31,2018,2,0.5,69,15.28849983,0.0,6.8,270,8.6,-8.8,1013.7,-0.9,42.5,-13.5,-0.8,0,0,0,0,0,0,0,0,0,0,0,0,0,1,0,0,0,0,1,0,0,0,0,0,0,0,0,0,1,0,0,0,0,0,0,0,0,0,0,3092
28,7,7,30,57,2018,2,0.5,87,4.262700081,2.8,7.1,290,3.2,-5.0,1020.5,0.9,45.1,-10.0,0.6,0,0,0,0,0,0,0,1,0,0,0,0,0,0,0,0,0,0,1,0,0,0,0,1,0,0,0,1,0,0,0,0,0,1,0,0,0,0,0,3114
47,17,28,22,37,2018,2,0.1,92,20.69949913,0.2,7.1,360,13.7,-8.1,1018.5,-0.9,38.4,-15.3,1.4,0,0,0,0,0,0,0,0,0,1,0,0,0,0,0,0,0,0,1,0,0,0,0,0,0,0,1,1,0,0,0,0,0,0,0,0,0,0,0,3122
6,2,0,19,25,2018,3,0.2,56,0.0,0.0,-1.2,250,5.5,-14.6,1025.4,-7.9,49.6,-17.4,-5.3,0,0,0,0,0,0,0,0,0,0,0,1,0,0,0,0,0,0,1,0,0,0,1,0,0,0,0,1,0,0,0,0,0,0,0,0,0,0,0,3181
7,2,4,12,50,2018,3,0.3,141,4.763599873,2.7,17.7,250,5.4,5.1,1021.4,10.6,51.4,-0.7,10.5,0,0,0,0,0,0,0,1,0,0,0,0,0,0,0,0,0,1,0,0,0,0,0,0,1,0,0,1,0,0,0,0,0,0,0,0,0,0,0,3197
3,8,0,588,337,2018,3,40.0,941,25.84930038,0.6,23.8,250,17.2,17.6,1008.9,20.1,33.0,3.1,18.6,1,0,0,0,0,0,0,0,0,0,0,0,0,0,0,0,0,1,0,0,0,0,1,0,0,0,0,0,0,0,1,0,0,0,0,0,0,0,0,3214
18,13,0,13,0,2018,4,0.1,140,22.66860008,0.0,20.6,200,8.5,7.3,1013.8,14.5,67.0,8.2,14.3,0,0,0,0,0,0,0,0,0,0,1,0,0,0,0,0,0,0,1,0,0,0,0,0,1,0,0,0,0,1,0,0,0,0,0,0,0,0,0,3242
40,6,11,32,15,2018,4,0.3,234,31.39690018,0.0,12.7,90,5.6,2.6,1014.2,8.1,72.3,3.0,12.9,0,0,1,0,0,0,0,0,0,0,0,0,0,0,0,0,0,1,0,0,0,0,0,1,0,0,0,0,0,1,0,0,0,0,0,0,0,0,0,3265
37,15,0,21,0,2018,4,0.02,129,28.55330086,11.5,20.2,110,8.5,3.1,1019.5,12.4,42.5,-1.9,13.5,0,0,0,0,0,0,0,0,0,0,0,1,0,0,0,0,0,1,0,0,0,0,0,0,0,0,0,1,0,0,0,0,0,0,0,0,0,0,0,3278
26,11,0,73,150,2018,4,3.0,690,21.95499992,3.1,26.7,290,10.3,14.5,1010.4,20.5,21.3,-3.6,17.6,0,0,0,0,0,1,0,0,0,0,0,0,0,0,0,0,0,0,1,0,0,1,0,0,0,0,0,0,0,1,0,0,0,0,0,0,0,0,0,3296
75,20,0,18,20,2018,4,0.08,252,26.88030052,1.4,27.3,230,8.6,2.1,1013.5,16.2,48.4,2.0,15.0,0,0,0,0,0,0,0,0,0,0,0,0,0,1,0,0,0,0,1,0,0,0,0,0,0,0,0,0,0,1,0,0,0,0,0,0,0,0,0,3298
30,10,8,12,0,2018,4,0.15,76,14.53520012,5.0,29.2,230,9.1,7.8,1014.7,18.0,45.1,0.6,19.7,0,0,0,0,0,0,0,0,0,0,0,0,0,0,0,1,0,0,1,0,0,0,0,0,0,1,0,1,0,0,0,0,0,0,0,0,0,0,0,3307
9,9,0,56,92,2018,4,3.0,685,30.6189003,8.5,28.5,160,9.6,8.6,1013.6,18.7,39.4,0.8,19.6,0,0,0,0,0,0,0,0,1,0,0,0,0,0,0,0,0,0,1,0,0,0,0,0,0,1,0,0,0,1,0,0,0,0,0,0,0,0,0,3310
13,11,0,20,45,2018,4,0.5,122,32.24850082,6.9,28.4,270,9.2,9.4,1015.0,18.4,47.5,2.5,20.4,0,0,0,0,0,0,0,0,0,0,0,1,0,0,0,0,0,1,0,0,0,0,0,0,0,1,0,0,1,0,0,0,0,0,0,0,0,0,0,3317
10,5,0,19,0,2018,6,0.01,210,14.27359962,13.3,32.1,200,5.5,13.8,1011.8,22.9,59.8,13.1,29.4,0,0,0,0,0,0,0,0,0,0,0,1,0,0,0,0,0,0,1,0,0,0,0,0,0,0,0,0,1,0,0,0,0,0,0,0,0,0,0,3334
35,0,12,9,0,2018,6,0.01,1768,37.48270035,7.6,31.8,200,6.3,13.5,1004.2,22.6,53.1,10.5,30.4,0,0,0,0,0,0,0,0,1,0,0,0,0,0,0,0,0,0,1,0,0,0,0,0,0,0,0,0,0,0,0,0,0,0,0,0,0,0,0,3361
60,20,10,12,28,2018,6,0.05,270,36.76089859,7.6,31.8,200,6.3,13.5,1004.2,22.6,53.1,10.5,30.4,0,0,0,0,1,0,0,0,0,0,0,0,0,0,0,0,0,0,1,0,0,0,0,0,0,0,0,0,1,0,0,0,0,0,0,0,0,0,0,3360
27,23,11,6,20,2018,6,0.01,340,27.61310005,2.7,32.5,250,7.3,17.7,1000.8,24.1,54.6,13.2,30.4,0,0,0,0,0,0,0,0,0,0,0,1,0,0,0,0,0,0,1,0,0,0,0,0,0,1,0,0,0,1,0,0,0,0,0,0,0,0,0,3364
8,8,3,19,31,2018,6,1.0,198,18.96229935,3.6,33.9,290,8.1,18.3,1005.3,25.8,56.3,15.1,33.4,0,0,0,0,0,0,0,0,0,0,0,0,0,0,1,0,0,0,1,0,0,0,0,0,1,0,0,0,1,0,0,0,0,0,0,0,0,0,0,3373
34,14,0,16,28,2018,7,0.01,312,25.68889999,3.4,34.1,20,9.4,25.3,1003.1,29.8,64.1,21.5,35.6,0,0,0,0,0,0,0,0,0,0,0,1,0,0,0,0,0,0,1,0,0,0,0,0,1,0,0,0,0,1,0,0,0,0,0,0,0,0,0,3386
40,23,10,13,35,2018,7,0.2,137,24.24239922,3.1,36.3,320,4.0,23.9,1001.5,30.3,52.0,18.7,37.5,0,0,0,0,0,0,0,1,0,0,0,0,0,0,0,0,0,0,1,0,0,0,0,0,0,0,1,0,0,1,0,0,0,0,0,0,0,0,0,3392
36,15,0,18,15,2018,8,0.1,249,28.55330086,8.5,40.6,90,4.9,23.2,1000.2,31.2,57.3,20.4,40.1,0,0,0,0,0,0,0,0,0,0,0,1,0,0,0,0,0,0,1,0,0,0,1,0,0,0,0,0,1,0,0,0,0,0,0,0,0,0,0,3393
18,12,13,30,37,2018,8,0.3,162,20.82799911,3.3,37.7,250,5.1,27.4,1004.4,32.1,54.0,21.2,40.1,0,0,0,0,0,0,0,0,0,0,0,0,0,0,0,0,1,0,1,0,0,0,0,0,0,0,0,0,0,1,0,0,0,0,0,0,0,0,0,3399
10,10,6,12,25,2018,8,0.03,95,11.34809971,2.0,36.0,250,6.8,24.3,1004.6,30.0,68.4,23.1,35.7,0,0,0,0,0,0,0,0,0,0,0,0,0,0,1,0,0,0,1,0,0,0,0,0,1,0,0,1,0,0,0,0,0,0,0,0,0,0,0,3405
30,31,0,28,27,2018,8,0.02,65,22.42340088,1.2,18.0,270,8.7,7.0,1007.6,12.1,52.1,1.7,14.7,0,0,0,0,0,0,0,0,0,0,0,0,0,0,0,0,0,1,0,0,0,0,0,0,1,0,0,0,1,0,0,0,0,0,0,0,0,0,0,3406
20,20,12,7,0,2018,8,0.25,100,21.95499992,0.9,38.8,20,7.6,25.3,1003.2,30.0,58.5,20.1,38.6,0,0,0,0,0,0,0,0,0,0,0,0,0,0,0,0,1,0,1,0,0,0,1,0,0,0,0,1,0,0,0,0,0,0,0,0,0,0,0,3414
10,6,0,35,60,2018,8,0.5,274,20.53280067,8.5,29.9,110,7.5,17.0,1011.3,23.5,52.4,12.4,27.6,0,0,0,0,0,0,0,0,0,0,0,1,0,0,0,0,0,0,1,0,0,0,0,0,0,1,0,0,0,1,0,0,0,0,0,0,0,0,0,3421
15,15,15,34,15,2018,10,0.01,110,13.13399982,0.2,21.8,340,7.5,7.2,1024.0,14.1,77.0,9.7,15.4,0,0,0,0,0,0,0,0,1,0,0,0,0,0,0,0,0,1,0,0,0,1,0,0,0,0,0,0,1,0,0,0,0,0,0,0,0,0,0,3445
17,6,0,15,10,2018,11,0.1,61,15.1796999,0.0,13.7,270,5.9,-3.3,1017.9,5.1,52.8,-4.6,8.0,0,0,0,0,0,0,0,0,0,0,1,0,0,0,0,0,0,0,1,0,0,1,0,0,0,0,0,0,0,1,0,0,0,0,0,0,1,0,0,3455
23,16,11,12,7,2018,11,0.1,88,20.30750084,2.5,6.9,270,7.1,0.3,1025.3,3.7,32.8,-11.6,1.5,0,0,1,0,0,0,0,0,0,0,0,0,0,0,0,0,0,0,1,0,0,0,0,0,0,0,0,0,0,0,1,0,0,1,0,0,0,0,0,3458
22,12,10,15,10,2018,11,0.03,55,16.45369911,4.1,22.4,180,9.0,0.6,1011.9,11.5,53.3,-1.0,12.9,0,0,1,0,0,0,0,0,0,0,0,0,0,0,0,0,0,0,1,0,0,0,0,1,0,0,0,0,1,0,0,0,0,0,0,0,0,0,0,3459
11,11,0,152,349,2019,1,20.0,1508,11.38619995,0.0,2.4,290,10.9,-5.8,1025.7,-1.5,23.6,-20.1,-3.1,0,0,0,0,0,1,0,0,0,0,0,0,0,0,0,0,0,0,1,0,0,0,0,0,0,0,1,1,0,0,0,0,0,0,0,0,0,0,0,3498
15,6,0,28,0,2019,1,0.5,48,0.0,4.3,19.9,90,4.6,7.0,1017.3,12.5,67.9,5.7,14.7,1,0,0,0,0,0,0,0,0,0,0,0,0,0,0,0,0,1,0,0,0,1,0,0,0,0,0,0,0,1,0,0,0,0,0,0,0,0,0,3524
16,17,0,25,20,2019,1,0.03,65,14.15550041,0.1,31.6,20,7.9,25.4,1002.5,27.9,79.6,23.8,33.0,0,0,0,0,0,0,0,0,0,0,0,0,0,0,0,0,0,0,1,0,0,0,0,0,0,1,0,1,0,0,0,0,0,0,0,0,0,0,0,3539
11,9,0,36,40,2019,1,1.2,150,21.86989975,0.4,3.0,230,8.8,-5.8,1017.5,-1.7,51.0,-12.5,-1.7,0,0,0,0,0,0,0,0,0,0,0,1,0,0,0,0,0,0,1,0,0,0,0,0,1,0,0,1,0,0,0,0,0,0,0,0,1,0,0,3540
13,9,0,50,26,2019,1,0.1,285,27.17740059,0.0,5.2,270,9.3,-5.6,1013.9,-0.9,47.4,-11.1,-3.9,0,0,0,0,0,0,0,0,0,0,0,0,1,0,0,0,0,1,0,0,0,0,0,0,0,0,1,0,0,1,0,0,0,0,0,0,0,0,0,3547
24,16,2,38,20,2019,1,1.0,192,25.07279968,0.2,5.4,180,6.3,-11.0,1022.1,-4.5,52.3,-14.4,-1.9,0,0,0,0,0,0,0,0,1,0,0,0,0,0,0,0,0,0,1,0,0,1,0,0,0,0,0,0,0,1,0,0,0,0,0,0,0,0,0,3556
21,21,6,19,9,2019,1,0.05,77,20.00180054,0.0,2.0,270,9.6,-13.9,1025.1,-6.1,41.4,-18.4,-4.3,0,0,0,0,0,0,0,0,0,0,0,0,0,1,0,0,0,0,1,0,0,0,0,0,0,1,0,1,0,0,0,0,0,0,0,1,0,0,0,3569
22,5,0,30,15,2019,1,0.2,222,15.92280006,1.1,3.1,270,7.4,-15.5,1021.5,-4.7,53.9,-13.6,-4.5,0,0,0,0,0,0,0,1,0,0,0,0,0,0,0,0,0,0,1,0,0,0,0,0,1,0,0,1,0,0,0,0,0,0,0,0,1,0,0,3581
11,7,0,21,35,2019,1,2.0,1208,28.08410072,0.2,4.6,230,6.7,-13.6,1020.7,-2.9,53.1,-12.1,-2.9,0,0,0,0,0,0,0,0,0,0,0,1,0,0,0,0,0,0,1,0,0,0,0,0,1,0,0,1,0,0,0,0,0,0,0,0,0,0,0,3573
26,16,4,20,25,2019,1,0.4,92,15.1796999,0.0,7.0,290,5.2,-11.0,1025.2,-3.0,47.4,-13.8,-2.4,0,0,0,0,0,0,0,0,0,0,0,0,0,0,0,0,1,1,0,0,0,0,0,0,0,0,1,0,0,0,1,0,0,0,0,0,0,0,0,3588
18,13,8,35,20,2019,1,0.5,217,23.6284008,1.4,12.8,290,9.0,2.3,1018.2,8.0,20.9,-13.5,5.2,0,1,0,0,0,0,0,0,0,0,0,0,0,0,0,0,0,0,1,0,0,0,1,0,0,0,0,1,0,0,0,0,0,1,0,0,0,0,0,3598
7,7,7,21,26,2019,1,0.05,70,18.96229935,0.1,7.5,250,4.3,-7.4,1022.0,-0.4,52.1,-9.6,-0.8,0,0,0,0,0,0,0,0,0,0,0,0,0,0,1,0,0,0,1,0,0,0,1,0,0,0,0,1,0,0,0,0,0,0,0,0,0,0,0,3599
30,9,5,14,31,2019,2,0.1,76,8.478699684,0.0,8.0,250,6.9,-2.1,1017.5,1.9,76.1,-2.2,2.4,0,0,0,0,0,0,0,0,0,0,0,0,0,1,0,0,0,0,1,0,0,0,1,0,0,0,0,1,0,0,0,0,0,0,0,0,0,0,0,3658
15,10,0,15,11,2019,2,1.0,168,23.81060028,0.5,14.1,250,5.6,0.8,1017.8,7.1,47.5,-4.1,4.6,0,0,0,0,0,0,0,0,0,0,0,1,0,0,0,0,0,1,0,0,0,0,1,0,0,0,0,1,0,0,0,0,0,0,0,0,0,0,0,3659
19,19,16,16,36,2019,3,0.6,320,23.56719971,0.3,16.8,270,5.2,0.9,1011.0,8.2,47.0,-3.8,6.9,0,0,0,0,0,0,0,0,0,0,0,0,0,0,1,0,0,0,1,0,0,0,0,1,0,0,0,1,0,0,0,0,0,0,0,0,0,0,0,3689
39,6,26,16,29,2019,3,0.02,75,28.03759956,12.2,12.7,140,7.7,-2.4,1021.7,3.9,60.6,-5.1,5.3,0,0,0,0,0,0,0,0,0,0,0,0,0,0,1,0,0,0,1,0,0,0,0,0,0,0,0,1,0,0,0,0,0,0,0,0,0,0,0,3712
9,10,0,20,0,2019,3,0.1,70,16.05109978,0.5,17.2,270,9.9,9.7,1016.2,13.2,10.4,-17.8,7.4,0,0,0,0,0,0,0,0,0,0,0,0,0,0,0,0,0,0,1,0,0,0,0,0,0,1,0,1,0,0,0,0,0,0,0,0,0,0,0,3715
7,7,0,16,17,2019,3,0.1,80,25.88920021,0.3,7.0,270,9.3,-1.4,1007.7,2.6,59.1,-6.2,3.0,0,0,0,0,0,0,0,0,0,0,0,1,0,0,0,0,0,0,0,1,0,0,0,0,0,0,1,0,1,0,0,0,0,0,0,0,1,0,0,3729
8,6,0,18,0,2019,3,0.02,166,14.95919991,0.3,8.5,250,12.6,-5.7,1015.9,1.4,30.6,-16.7,3.3,0,0,0,0,0,0,0,0,0,0,0,1,0,0,0,0,0,0,1,0,0,0,1,0,0,0,0,0,0,0,1,0,0,0,0,0,0,0,0,3739
9,7,0,33,35,2019,3,1.0,170,17.59410095,0.2,10.8,290,9.3,2.9,1018.3,6.7,49.9,-3.2,8.5,0,0,0,1,0,0,0,0,0,0,0,0,0,0,0,0,0,0,1,0,0,0,0,0,1,0,0,1,0,0,0,0,0,0,0,0,0,0,0,3755
52,36,16,11,30,2019,4,0.02,75,23.75009918,1.1,11.4,320,10.4,-3.0,1019.8,4.6,42.8,-9.0,6.7,0,0,0,0,0,0,0,0,0,0,0,0,0,0,1,0,0,0,1,0,0,0,0,1,0,0,0,1,0,0,0,0,0,0,0,0,0,0,0,3808
17,17,5,18,8,2019,4,0.7,188,21.93799973,6.7,14.0,230,8.2,-0.2,1019.6,7.0,34.6,-9.0,8.1,0,0,0,0,0,0,0,0,0,0,0,0,0,0,0,0,1,0,1,0,0,0,1,0,0,0,0,0,0,0,1,0,0,0,0,0,0,0,0,3831
6,6,12,11,15,2019,4,0.05,35,14.53520012,0.6,4.3,270,6.7,-3.1,1023.8,0.2,42.3,-11.7,-1.0,0,0,0,0,0,0,0,0,0,0,0,0,0,0,0,0,1,0,1,0,0,1,0,0,0,0,0,1,0,0,0,0,0,1,0,0,0,0,0,3842
6,6,9,631,331,2019,4,345.0,3075,35.02249908,0.7,15.9,140,13.8,-1.9,1011.0,8.4,37.0,-6.8,8.9,0,0,0,0,0,0,0,0,1,0,0,0,0,0,0,0,0,0,1,0,0,1,0,0,0,0,0,1,0,0,0,1,0,0,0,0,0,0,0,3848
27,12,0,2565,265,2019,4,1227.0,1363,6.091499805,4.7,21.2,290,20.4,9.2,1001.4,15.3,18.4,-8.8,13.7,1,0,0,0,0,0,0,0,0,0,0,0,0,0,0,0,0,0,1,0,0,1,0,0,0,0,0,0,0,0,1,0,0,0,0,0,0,0,0,3853
32,5,0,1424,403,2019,4,1260.0,1304,20.69949913,4.7,20.6,270,20.4,9.3,1004.7,14.9,17.8,-9.6,15.7,0,0,0,0,0,0,0,0,0,0,0,0,0,0,0,0,0,0,1,0,0,1,0,0,0,0,0,0,0,1,0,0,0,0,0,0,0,0,0,3856
31,31,15,15,5,2019,4,0.3,102,32.67599869,2.0,21.5,340,6.4,6.1,1005.3,12.4,55.1,0.8,16.0,0,0,0,0,0,0,1,0,0,0,0,0,0,0,0,0,0,0,1,0,0,0,0,0,1,0,0,1,0,0,0,0,0,1,0,0,0,0,0,3878
20,20,17,30,18,2019,4,0.5,195,15.92280006,1.9,17.4,320,8.4,1.5,1010.5,8.7,41.6,-6.4,12.5,0,0,0,0,0,0,0,0,1,0,0,0,0,0,0,0,0,0,1,0,0,0,0,1,0,0,0,0,1,0,0,0,0,0,0,0,0,0,0,3889
26,19,11,23,0,2019,4,0.2,376,13.91580009,0.9,24.9,270,10.5,14.3,1011.9,19.5,15.3,-8.4,15.9,1,0,0,0,0,0,0,0,0,0,0,0,0,0,0,0,0,0,1,0,0,0,0,0,0,0,1,1,0,0,0,0,0,0,0,0,0,0,0,3912
36,23,3,12,20,2019,4,0.08,36,9.368900299,0.7,21.0,90,9.6,11.3,1011.1,15.2,71.3,9.6,19.3,0,0,0,0,0,0,0,0,0,0,0,0,0,0,1,0,0,1,0,0,0,0,0,0,0,0,1,1,0,0,0,0,0,0,0,0,0,0,0,3916
12,12,0,20,8,2019,4,0.2,59,10.99919987,4.3,14.6,270,10.0,2.3,1009.3,7.7,63.4,0.2,8.0,0,0,0,0,0,0,1,0,0,0,0,0,0,0,0,0,0,0,1,0,0,0,1,0,0,0,0,1,0,0,0,0,0,0,0,0,0,0,0,3923
46,18,0,6,0,2019,4,0.09,72,20.30750084,7.1,28.3,180,5.1,8.0,1011.7,18.1,54.9,6.1,21.4,0,0,0,0,0,0,0,0,0,0,0,0,0,0,0,1,0,0,1,0,0,0,0,1,0,0,0,0,1,0,0,0,0,0,0,0,0,0,0,3947
19,4,0,18,29,2019,5,0.2,124,29.2493,7.5,26.1,290,11.1,7.4,1007.4,16.6,48.0,2.9,20.4,0,0,0,0,0,0,0,0,0,0,0,1,0,0,0,0,0,0,1,0,0,1,0,0,0,0,0,0,0,1,0,0,0,1,0,0,0,0,0,3957
4,4,0,22,0,2019,5,0.05,77,11.49950027,4.6,28.0,200,8.3,6.8,1013.1,17.3,43.4,2.5,20.6,0,0,0,0,0,0,0,0,0,0,0,1,0,0,0,0,0,0,1,0,0,0,0,0,0,0,0,1,0,0,0,0,0,0,0,0,0,0,0,3961
7,6,0,19,10,2019,5,0.05,83,11.90470028,3.1,27.7,250,10.5,10.9,1011.5,19.3,43.8,3.4,21.3,0,0,0,0,0,0,0,0,0,0,0,1,0,0,0,0,0,1,0,0,0,0,0,0,1,0,0,0,1,0,0,0,0,1,0,0,0,0,0,3964
34,8,0,9,0,2019,5,0.15,50,26.33419991,0.7,10.0,250,14.7,-0.5,1019.2,4.2,65.1,-2.0,3.8,0,0,0,0,0,0,0,0,0,0,0,0,0,0,0,0,1,1,0,0,0,0,0,0,1,0,0,1,0,0,0,0,0,1,0,0,0,0,0,3965
16,16,11,18,30,2019,5,5.2,455,13.91580009,8.4,26.5,180,12.2,8.9,1010.1,18.5,38.8,0.1,20.5,0,0,0,0,0,0,0,0,1,0,0,0,0,0,0,0,0,0,1,0,0,0,0,0,1,0,0,1,0,0,0,0,0,0,0,0,0,0,0,3966
15,15,5,9,25,2019,5,0.02,50,23.93090057,9.9,28.7,180,7.6,8.1,1011.7,18.3,64.3,10.0,19.7,0,0,0,0,0,0,0,0,0,0,0,0,0,0,1,0,0,0,1,0,0,0,0,1,0,0,0,0,1,0,0,0,0,0,0,0,1,0,0,3974
9,8,9,13,0,2019,5,0.1,90,32.7723999,3.2,20.2,270,7.2,10.5,1012.2,15.0,36.6,-1.7,18.1,0,0,0,0,0,0,0,1,0,0,0,0,0,0,0,0,0,0,1,0,0,0,0,1,0,0,0,1,0,0,0,0,0,0,0,0,0,0,0,3977
31,2,20,20,43,2019,5,1.3,170,10.43080044,5.4,23.2,250,8.5,2.7,1011.3,13.9,40.0,-1.8,19.4,0,0,0,0,0,0,0,0,0,0,0,0,0,0,1,0,0,0,1,0,0,0,0,0,0,0,1,1,0,0,0,0,0,0,0,0,0,0,0,3981
11,13,0,54,54,2019,5,0.54,146,14.76309967,4.3,26.0,110,5.5,14.9,1008.1,20.5,38.8,5.6,25.9,1,0,0,0,0,0,0,0,0,0,0,0,0,0,0,0,0,0,1,0,0,0,0,0,0,0,0,0,0,0,0,0,0,0,0,0,0,0,0,3993
37,22,2,12,39,2019,5,0.08,90,2.862400055,0.6,30.5,90,6.1,10.8,1010.4,19.8,51.3,7.5,25.3,0,0,0,0,0,0,0,0,0,0,0,0,0,0,1,0,0,1,0,0,0,0,0,0,0,1,0,1,0,0,0,0,0,0,0,0,0,0,0,4008
56,7,0,14,0,2019,5,0.02,95,28.1189003,5.5,25.8,250,8.7,9.6,1008.2,17.0,63.6,9.2,22.0,0,0,0,0,0,0,0,0,0,0,0,0,0,1,0,0,0,0,1,0,0,1,0,0,0,0,0,0,0,1,0,0,0,0,0,0,0,0,0,4031
13,11,0,21,0,2019,5,0.01,31,0.0,2.8,21.4,290,11.5,10.2,1016.8,15.8,26.3,-3.8,15.4,0,0,0,0,0,0,0,0,0,0,0,0,0,0,0,0,0,0,1,0,0,0,0,0,1,0,0,1,0,0,0,0,0,0,0,0,0,0,0,4038
34,15,0,20,10,2019,5,0.1,121,5.12869978,5.2,28.6,360,12.3,8.0,1005.2,18.1,44.6,4.0,26.1,0,0,0,0,0,0,0,0,0,1,0,0,0,0,0,0,0,0,1,0,0,1,0,0,0,0,0,0,1,0,0,0,0,0,0,0,0,0,0,4042
6,6,0,13,0,2019,5,0.1,91,29.8859005,1.7,33.7,250,6.8,9.8,1007.8,21.9,54.8,10.0,30.0,0,0,0,0,0,0,1,0,0,0,0,0,0,0,0,0,0,0,1,0,0,0,0,0,0,0,0,0,1,0,0,0,0,0,0,0,0,0,0,4045
19,19,1,56,34,2019,6,0.2,72,18.96229935,28.0,32.6,20,9.8,13.4,1004.1,22.4,49.9,9.4,31.2,0,0,0,0,0,0,0,0,0,1,0,0,0,0,0,0,0,0,1,0,0,0,0,0,0,0,1,0,0,1,0,0,0,0,0,0,0,0,0,4060
28,15,7,12,20,2019,7,0.07,66,13.26270008,9.1,29.8,20,10.3,20.8,1005.5,24.4,47.1,11.8,30.9,0,0,0,0,0,0,0,0,0,0,0,0,0,0,0,0,1,0,1,0,0,0,0,0,1,0,0,1,0,0,0,0,0,0,0,0,0,0,0,4078
30,6,0,17,0,2019,7,0.1,187,13.51580048,1.1,25.5,50,9.4,16.9,1006.8,20.5,65.6,13.6,24.4,0,0,0,0,0,0,0,1,0,0,0,0,0,0,0,0,0,0,1,0,0,0,0,1,0,0,0,0,0,0,0,0,0,0,0,0,0,0,0,4079
28,0,11,8,0,2019,7,0.01,131,17.03569984,9.1,28.9,360,8.0,16.6,1004.6,22.8,53.9,12.3,29.7,0,0,0,0,0,0,0,1,0,0,0,0,0,0,0,0,0,0,1,0,0,0,0,0,0,0,1,0,0,1,0,0,0,0,0,0,0,0,0,4082
10,10,4,25,30,2019,7,0.6,151,15.04240036,7.1,30.5,20,9.9,13.9,1005.6,21.1,66.9,14.0,31.5,0,0,0,0,0,0,1,0,0,0,0,0,0,0,0,0,0,0,1,0,0,0,0,0,0,0,1,1,0,0,0,0,0,0,0,0,0,0,0,4084
33,33,6,15,18,2019,8,0.15,104,6.654399872,0.0,28.4,180,5.3,21.7,1006.5,24.9,60.6,16.3,26.2,0,0,0,0,0,0,0,0,0,0,0,0,0,0,0,0,1,0,1,0,0,0,0,0,0,0,0,0,0,1,0,0,0,0,0,0,0,0,0,4086
11,11,12,12,15,2019,12,0.1,77,10.55539989,3.0,6.5,180,8.9,-5.5,1026.1,1.0,54.5,-8.3,0.7,0,0,0,0,1,0,0,0,0,0,0,0,0,0,0,0,0,0,1,0,0,0,1,0,0,0,0,1,0,0,0,0,0,0,0,0,0,0,0,4120
33,7,15,45,20,2019,12,0.1,291,23.93090057,0.0,-0.5,20,10.4,-9.9,1029.0,-4.5,33.3,-18.8,-4.0,0,0,1,0,0,0,0,0,0,0,0,0,0,0,0,0,0,0,1,0,0,1,0,0,0,0,0,0,0,1,0,0,0,0,0,0,1,0,0,4121
6,6,0,20,12,2019,12,0.05,95,21.55940056,0.2,10.8,140,14.3,0.4,1011.2,7.1,59.1,-0.9,4.5,0,0,0,0,0,0,0,0,1,0,0,0,0,0,0,0,0,0,1,0,0,0,1,0,0,0,0,0,0,1,0,0,0,0,0,0,0,0,0,4126
19,19,12,28,41,2019,12,2.0,921,31.9939003,0.4,9.6,20,19.5,0.1,1011.3,5.5,74.6,1.1,2.8,0,0,0,0,0,0,0,0,0,1,0,0,0,0,0,0,0,0,1,0,0,0,1,0,0,0,0,0,0,1,0,1,0,0,0,0,0,0,0,4127
8,8,0,7,0,2019,12,0.04,100,28.25729942,0.6,4.0,290,5.0,-6.0,1027.7,-2.3,60.5,-10.0,-1.1,0,0,0,0,0,0,0,0,0,0,0,0,0,0,1,0,0,0,1,0,0,0,0,0,0,0,0,0,0,1,0,0,0,0,0,0,1,0,0,4136
6,8,0,37,21,2019,12,0.1,107,12.22509956,0.1,1.8,270,18.4,-6.1,1018.0,-2.5,20.8,-22.1,-0.5,0,0,0,0,0,0,0,0,0,0,0,0,0,0,0,0,0,0,1,0,0,0,0,0,0,0,1,1,0,0,0,1,0,0,0,0,0,0,0,4148
4,4,0,38,19,2020,1,0.02,35,17.93199921,0.3,1.1,320,5.8,-10.2,1028.3,-4.2,34.0,-19.4,-0.7,0,0,0,0,0,0,0,0,0,0,0,0,0,0,0,0,0,0,1,0,0,0,1,0,0,0,0,1,0,0,0,0,0,1,0,0,0,0,0,4144
16,15,0,26,0,2020,1,0.7,218,32.4280014,5.3,5.5,230,4.4,-8.6,1025.1,-3.1,71.0,-8.4,-1.6,0,0,0,0,0,0,0,0,0,0,0,1,0,0,0,0,0,0,1,0,0,0,0,0,0,0,0,1,0,0,0,0,0,0,0,0,0,0,0,4150
0,0,0,0,0,2020,1,7.0,1636,35.36159897,9.0,7.0,290,6.3,-9.6,1023.6,-2.9,66.5,-9.2,-2.0,0,0,0,0,0,0,0,0,0,0,0,1,0,0,0,0,0,0,1,0,0,0,0,0,0,1,0,0,0,1,0,0,0,0,0,0,1,0,0,4151
40,14,0,20,30,2020,1,0.04,51,26.57780075,3.0,8.4,270,10.1,-1.5,1018.9,2.5,83.6,-0.4,4.4,0,0,0,0,0,0,0,0,0,1,0,0,0,0,0,0,0,0,1,0,0,0,0,0,0,1,0,1,0,0,0,0,0,0,0,0,1,0,0,4152
2,2,0,26,21,2020,1,0.02,44,8.478699684,0.1,10.3,200,6.0,-2.0,1007.6,5.0,70.4,-0.4,6.0,0,0,0,0,0,1,0,0,0,0,0,0,0,0,0,0,0,0,1,0,0,0,1,0,0,0,0,1,0,0,0,0,0,0,0,0,0,0,0,4156
22,7,0,28,28,2020,1,0.1,56,16.7961998,0.7,7.4,140,3.9,-7.6,1019.2,-0.4,55.1,-9.5,1.2,0,0,0,0,0,0,0,0,0,0,0,0,0,0,0,0,1,0,1,0,0,1,0,0,0,0,0,1,0,0,0,0,0,0,0,0,0,0,0,4166
36,2,0,14,26,2020,1,0.01,100,4.857500076,2.8,8.5,270,5.2,-0.8,1017.8,2.7,68.0,-3.0,1.9,0,0,0,0,0,0,0,0,0,0,0,0,0,0,1,0,0,0,1,0,0,0,0,0,0,0,0,0,0,1,0,0,0,0,0,0,0,0,0,4177
33,29,0,18,0,2020,2,0.03,49,22.81389999,5.6,13.3,250,6.3,-5.1,1025.8,3.2,61.3,-4.8,2.6,0,0,0,0,0,0,0,0,0,0,0,1,0,0,0,0,0,0,1,0,0,0,0,0,0,1,0,1,0,0,0,0,0,0,0,0,1,0,0,4188
30,13,0,22,35,2020,2,0.4,76,22.29100037,18.8,3.4,230,8.3,-10.6,1022.7,-2.8,62.6,-9.8,-1.0,0,0,0,0,0,0,0,1,0,0,0,0,0,0,0,0,0,0,1,0,0,0,0,0,1,0,0,0,0,1,0,0,0,0,0,0,0,0,0,4196
28,22,0,20,26,2020,2,0.1,137,14.62110043,4.8,12.4,250,4.3,-1.7,1022.0,5.1,63.6,-1.8,4.4,0,0,0,0,0,0,0,0,0,0,0,1,0,0,0,0,0,0,1,0,0,0,0,1,0,0,0,0,0,0,1,0,0,0,0,0,0,0,0,4217
25,25,15,14,43,2020,3,0.05,270,28.63209915,3.2,17.8,180,3.7,-2.3,1015.7,6.7,56.4,-3.3,6.5,0,0,0,0,0,0,0,0,0,0,0,0,0,0,1,0,0,0,1,0,0,0,0,0,1,0,0,0,1,0,0,0,0,0,0,0,0,0,0,4238
9,9,0,16,36,2020,3,0.7,111,26.76749992,7.0,17.4,180,7.6,-3.9,1015.9,5.8,60.5,-3.4,7.9,0,0,0,0,0,0,0,0,0,0,0,0,0,0,0,1,0,0,1,0,0,0,0,0,1,0,0,0,0,0,1,0,0,0,0,0,0,0,0,4239
49,29,13,22,10,2020,3,0.06,63,17.77529907,0.0,15.9,250,6.8,-1.0,1023.3,8.0,65.1,0.6,7.8,0,0,0,0,0,0,0,0,0,0,0,0,0,0,1,0,0,0,1,0,0,0,0,0,1,0,0,1,0,0,0,0,0,0,0,0,1,0,0,4263
6,7,0,33,4,2020,3,0.04,53,11.34809971,0.9,22.5,320,7.3,-1.1,1007.6,11.2,36.1,-6.0,13.3,0,0,0,0,0,0,0,0,0,0,0,0,0,0,0,0,0,1,0,0,0,0,0,0,1,0,0,0,0,1,0,0,0,0,0,0,0,0,0,4264
18,10,0,10,6,2020,3,0.7,199,0.95480001,0.0,14.9,230,16.7,3.5,1000.7,7.9,48.8,-2.6,6.5,0,0,0,0,0,0,0,1,0,0,0,0,0,0,0,0,0,0,1,0,0,1,0,0,0,0,0,1,0,0,0,1,0,0,0,0,0,0,0,4287
17,17,4,20,0,2020,3,0.05,24,13.42150021,0.1,10.2,320,9.1,2.3,1023.1,6.1,47.6,-4.4,10.7,0,0,0,0,0,0,0,0,0,0,0,0,0,0,0,0,1,0,1,0,0,0,0,0,0,1,0,1,0,0,0,0,0,0,0,0,0,0,0,4324
38,13,12,20,38,2020,3,1.0,149,32.91159821,4.6,18.1,180,6.9,-1.4,1017.2,8.6,60.9,-0.1,11.9,0,0,0,0,0,0,1,0,0,0,0,0,0,0,0,0,0,0,1,0,0,0,1,0,0,0,0,1,0,0,0,0,0,0,0,0,0,0,0,4371
24,24,7,44,25,2020,3,0.3,170,21.8185997,0.0,19.4,90,5.3,9.2,1009.7,15.0,50.6,4.1,14.9,0,0,0,0,0,1,0,0,0,0,0,0,0,0,0,0,0,0,1,0,0,1,0,0,0,0,0,0,0,1,0,0,0,0,0,0,0,0,0,4377
2,2,11,35,0,2020,3,5.0,233,13.26270008,0.0,19.9,200,5.4,0.9,1012.0,12.5,57.4,3.1,11.3,0,0,0,0,0,0,0,0,0,0,1,0,0,0,0,0,0,0,1,0,0,1,0,0,0,0,0,1,0,0,0,0,0,1,0,0,0,0,0,4378
15,6,0,46,50,2020,3,2.0,120,14.24419975,0.0,18.7,250,6.0,-1.4,1013.9,9.6,47.9,-3.4,12.7,0,0,0,0,0,0,0,0,0,0,1,0,0,0,0,0,0,0,1,0,0,0,0,0,0,0,1,1,0,0,0,0,0,0,0,0,0,0,0,4390
16,16,3,15,19,2020,4,0.05,76,17.54840088,6.0,15.5,140,8.1,2.4,1010.6,8.1,74.0,3.4,11.5,0,0,0,0,0,0,0,0,0,0,0,0,0,1,0,0,0,0,1,0,0,0,1,0,0,0,0,1,0,0,0,0,0,0,0,0,0,0,0,4392
32,32,8,11,24,2020,4,0.1,61,19.78790092,3.0,14.3,20,9.5,2.4,1017.6,7.7,78.5,3.9,11.4,0,0,0,0,0,0,0,0,0,0,0,0,0,0,1,0,0,0,1,0,0,0,0,0,0,0,0,1,0,0,0,0,0,0,0,0,0,0,0,4410
17,9,0,103,35,2020,4,0.5,334,32.40119934,0.7,13.9,50,14.4,5.6,1012.0,9.0,37.1,-5.0,13.3,0,0,1,0,0,0,0,0,0,0,0,0,0,0,0,0,0,0,1,0,0,0,0,0,0,1,0,1,0,0,0,1,0,0,0,0,0,0,0,4413
12,6,0,18,0,2020,4,0.08,54,14.59259987,0.5,6.8,360,9.0,-4.4,1026.9,1.2,59.8,-6.6,3.1,0,0,0,0,0,0,0,0,0,0,0,0,0,0,0,0,1,0,1,0,0,0,0,0,0,1,0,1,0,0,0,0,0,0,0,0,1,0,0,4414
20,18,0,18,5,2020,4,0.3,113,25.80940056,3.5,14.9,340,10.9,2.5,1015.1,8.3,39.1,-7.5,12.5,0,0,0,0,0,0,0,0,0,0,0,1,0,0,0,0,0,0,1,0,0,0,0,0,0,1,0,1,0,0,0,0,0,0,0,0,0,0,0,4421
31,5,0,35,10,2020,4,0.8,150,15.1796999,1.7,14.4,270,10.3,-1.1,1015.1,7.3,43.5,-7.9,13.7,0,0,0,0,0,0,1,0,0,0,0,0,0,0,0,0,0,0,1,0,0,0,1,0,0,0,0,1,0,0,0,0,0,0,0,0,0,0,0,4452
8,9,9,36,10,2020,4,1.5,139,7.652999878,8.5,14.8,250,8.3,3.6,1015.0,9.6,31.8,-9.9,13.5,0,0,0,0,0,0,0,1,0,0,0,0,0,0,0,0,0,0,1,0,0,0,1,0,0,0,0,1,0,0,0,0,1,0,0,0,0,0,0,4457
23,6,0,37,25,2020,4,0.5,99,23.19510078,6.0,14.4,270,6.8,2.0,1021.9,9.2,51.1,-1.1,13.2,0,0,0,0,0,0,0,1,0,0,0,0,0,0,0,0,0,0,1,0,0,0,0,0,0,0,0,1,0,0,0,0,0,0,0,0,0,0,0,4475
46,7,0,27,17,2020,4,0.3,93,20.66259956,26.4,8.5,90,7.0,-3.0,1023.1,2.7,71.5,-2.3,7.8,0,0,0,0,0,0,0,0,0,0,0,0,0,1,0,0,0,0,1,0,0,0,0,0,0,0,0,1,0,0,0,0,0,0,0,0,0,0,0,4476
15,3,0,17,0,2020,4,0.01,28,6.091499805,5.5,14.4,70,7.1,10.6,1008.9,12.4,86.3,10.0,14.0,0,0,0,0,0,0,0,0,0,0,0,0,0,0,0,0,1,0,1,0,0,0,0,0,0,1,0,0,1,0,0,0,0,0,0,0,0,0,0,4479
33,5,0,18,36,2020,4,0.05,47,3.01699996,51.0,13.2,140,6.3,8.6,1015.3,9.4,84.9,6.9,11.0,0,0,0,0,0,0,0,0,0,0,0,0,0,0,0,1,0,0,1,0,0,0,0,1,0,0,0,1,0,0,0,0,0,0,0,0,0,0,0,4493
14,15,5,22,88,2020,4,19.0,1092,18.37030029,1.8,21.1,200,8.7,-1.0,1013.4,10.7,40.1,-4.0,15.0,0,0,0,0,0,0,0,0,0,0,1,0,0,0,0,0,0,0,1,0,0,0,0,0,0,0,1,1,0,0,0,0,0,0,0,0,0,0,0,4504
19,15,0,26,0,2020,4,0.2,115,22.8621006,5.5,23.1,140,6.6,1.4,1009.8,11.1,61.3,2.7,13.4,0,0,0,0,0,0,0,0,0,0,0,0,0,1,0,0,0,0,1,0,0,0,1,0,0,0,0,1,0,0,0,0,0,0,0,0,0,0,0,4507
16,15,0,48,36,2020,4,0.3,87,17.66230011,0.0,4.5,250,20.0,-2.1,1010.9,0.5,57.1,-7.3,4.1,0,0,0,0,0,0,0,0,0,0,0,0,0,0,0,0,0,0,1,0,0,0,1,0,0,0,0,1,0,0,0,0,0,0,0,0,0,0,0,4531
18,14,0,20,0,2020,4,0.2,107,29.19510078,0.2,8.6,180,15.4,3.6,1012.1,5.9,41.0,-6.5,9.0,0,0,0,0,0,0,0,0,1,0,0,0,0,0,0,0,0,0,0,0,1,0,1,0,0,0,0,1,0,0,0,0,0,0,0,0,0,0,0,4532
5,5,0,16,16,2020,4,0.6,145,6.918200016,2.7,15.2,230,13.6,-1.5,1009.6,8.5,57.3,-0.3,13.8,0,0,0,0,0,0,0,0,0,0,1,0,0,0,0,0,0,0,1,0,0,0,0,0,0,0,0,0,0,1,0,0,0,1,0,0,0,0,0,4535
39,21,0,0,0,2020,4,1.0,73,24.15399933,0.1,16.1,250,10.6,-0.3,1009.8,9.4,48.3,-1.8,12.9,0,0,0,0,0,0,0,0,0,0,0,1,0,0,0,0,0,0,1,0,0,0,0,0,0,0,0,1,0,0,0,0,0,0,0,0,0,0,0,4537
7,7,0,12,0,2020,4,0.01,123,12.22509956,0.0,18.4,270,7.2,4.4,1012.9,11.7,48.4,-1.0,14.6,0,0,0,0,0,0,0,0,0,0,0,1,0,0,0,0,0,0,1,0,0,0,0,0,1,0,0,0,1,0,0,0,0,0,0,0,0,0,0,4550
9,5,0,17,12,2020,4,0.02,72,26.20459938,0.0,17.7,270,9.0,3.5,1016.8,10.3,50.9,-0.2,13.7,0,0,0,0,0,0,0,0,0,0,0,0,0,0,0,0,1,0,0,1,0,0,0,1,0,0,0,0,1,0,0,0,0,0,0,0,0,0,0,4554
25,9,0,16,35,2020,4,0.2,273,10.75959969,8.1,24.8,230,8.6,4.4,1011.0,16.1,55.1,6.1,20.3,0,0,0,0,0,0,0,0,0,0,0,0,0,0,1,0,0,0,1,0,0,1,0,0,0,0,0,0,1,0,0,0,0,1,0,0,0,0,0,4566
32,17,14,12,0,2020,4,0.01,115,22.68479919,0.2,24.0,250,7.1,7.0,1011.3,16.7,48.6,4.9,19.5,0,0,0,0,0,0,0,1,0,0,0,0,0,0,0,0,0,0,1,0,0,1,0,0,0,0,0,0,1,0,0,0,0,0,0,0,0,0,0,4572
18,18,0,14,0,2020,5,0.2,120,33.57400131,12.6,28.1,230,5.7,14.1,1009.0,21.2,66.3,14.0,22.7,0,0,0,0,0,0,0,0,0,0,0,1,0,0,0,0,0,0,1,0,0,0,0,0,0,0,0,0,0,1,0,0,0,0,0,0,0,0,0,4578
14,14,11,13,42,2020,5,0.01,159,14.95919991,17.4,28.3,270,7.4,13.0,1009.2,20.6,63.8,12.8,23.6,0,0,0,0,0,0,0,0,0,0,0,0,0,0,1,0,0,0,1,0,0,0,0,0,0,0,0,0,1,0,0,0,0,0,0,0,0,0,0,4579
18,10,0,23,15,2020,5,0.06,107,12.63819981,8.6,26.4,340,7.8,8.0,1010.4,17.9,56.3,6.4,23.3,0,0,0,0,0,0,0,0,0,0,1,0,0,0,0,0,0,0,1,0,0,0,1,0,0,0,0,1,0,0,0,0,0,0,0,0,0,0,0,4583
9,9,0,10,0,2020,5,0.07,120,21.83569908,1.4,25.5,180,6.4,13.7,1012.2,19.0,35.8,1.3,27.1,0,0,0,0,0,0,0,0,0,0,0,0,0,0,1,0,0,0,1,0,0,0,0,0,0,0,0,1,0,0,0,0,0,0,0,0,0,0,0,4591
59,59,15,15,0,2020,6,0.1,240,30.10309982,0.5,32.4,230,5.7,17.8,1011.9,24.8,72.9,18.9,34.2,0,0,0,0,0,0,0,0,0,0,0,1,0,0,0,0,0,0,1,0,0,0,0,1,0,0,0,0,1,0,0,0,0,0,0,0,0,0,0,4621
8,8,0,14,15,2020,6,0.4,170,32.75490189,22.8,33.9,160,5.7,17.9,1001.4,26.1,61.3,16.2,36.3,0,0,0,0,0,0,0,0,0,0,0,1,0,0,0,0,0,0,1,0,0,0,0,0,0,1,0,0,0,1,0,0,0,0,0,0,0,0,0,4629
10,10,5,16,35,2020,6,0.15,225,0.95480001,6.4,33.3,250,6.0,20.2,1006.7,26.7,59.8,17.7,32.0,0,0,0,0,0,0,0,0,0,0,0,0,0,0,1,0,0,0,1,0,0,0,0,0,0,0,1,0,1,0,0,0,0,0,0,0,0,0,0,4637
30,21,0,19,0,2020,10,0.01,193,11.79570007,4.1,19.5,250,8.3,3.6,1020.3,10.5,78.1,6.1,16.8,0,0,0,0,0,0,0,0,0,0,0,1,0,0,0,0,0,0,1,0,0,0,0,0,0,0,1,0,1,0,0,0,0,0,0,0,0,0,0,4642
33,3,0,12,0,2020,10,0.05,1023,25.95540047,0.0,4.2,20,7.7,-2.6,1014.6,0.6,68.9,-4.8,3.9,0,0,0,0,0,0,0,0,0,0,0,0,0,0,1,0,0,0,1,0,0,0,0,0,0,0,0,0,0,1,0,0,0,0,0,0,1,0,0,4646
16,16,7,7,0,2020,10,0.01,166,9.870900154,3.6,20.1,70,3.5,7.7,1014.3,13.3,80.9,9.7,16.0,0,0,0,0,0,0,0,0,0,0,0,0,0,0,1,0,0,0,1,0,0,0,0,0,1,0,0,0,0,1,0,0,0,0,0,0,0,0,0,4648
17,17,8,5,23,2020,10,0.01,140,13.42150021,1.8,18.1,270,6.0,7.4,1017.8,11.6,81.6,8.1,17.3,0,0,0,0,0,0,0,0,0,0,0,0,0,0,1,0,0,0,1,0,0,0,0,0,0,0,1,0,0,1,0,0,0,0,0,0,0,0,0,4650
16,16,0,7,10,2020,10,0.01,200,16.7961998,4.9,19.0,270,5.3,1.7,1021.8,9.2,77.1,4.5,14.3,0,0,0,0,0,0,0,0,0,0,0,0,0,0,1,0,0,0,1,0,0,0,0,0,1,0,0,0,1,0,0,0,0,0,0,0,0,0,0,4657
36,6,0,29,35,2020,10,0.1,135,32.49029922,5.0,17.5,250,4.8,0.2,1020.3,8.1,57.3,-1.7,10.4,0,0,0,0,0,0,0,0,0,1,0,0,0,0,0,0,0,0,1,0,0,1,0,0,0,0,0,1,0,0,0,0,0,0,0,0,0,0,0,4667
13,2,0,15,0,2020,11,0.01,105,8.159000397,0.0,9.7,340,6.8,-6.2,1024.3,1.8,56.3,-7.7,4.1,0,0,0,0,0,0,0,0,0,0,1,0,0,0,0,0,0,0,1,0,0,0,1,0,0,0,0,0,0,1,0,0,0,0,0,0,0,0,0,4678
14,10,6,57,2,2020,11,0.11,133,19.82699966,3.0,15.8,50,12.9,7.0,1016.5,10.3,38.4,-4.5,10.3,0,1,0,0,0,0,0,0,0,0,0,0,0,0,0,0,0,0,1,0,0,0,0,0,1,0,0,1,0,0,0,0,0,1,0,0,0,0,0,4683
8,8,0,0,0,2020,11,0.1,147,25.03089905,0.0,17.3,70,2.7,2.1,1025.0,7.8,79.6,4.0,7.8,0,0,0,0,0,0,0,0,0,0,0,0,0,0,1,0,0,0,1,0,0,0,0,1,0,0,0,0,1,0,0,0,0,0,0,0,0,0,0,4717
17,8,0,27,35,2020,12,0.1,1289,12.77260017,1.3,21.5,290,7.9,6.0,1006.7,14.4,31.4,-3.1,16.9,0,0,0,0,0,0,0,0,0,0,0,0,0,0,0,0,1,0,1,0,0,0,0,0,0,0,1,1,0,0,0,0,0,0,0,0,0,0,0,4723
6,6,3,20,33,2020,12,0.02,143,20.53280067,0.4,3.8,250,4.0,-6.6,1027.3,-2.6,57.5,-10.6,-1.5,0,0,0,0,0,0,0,0,0,0,0,0,0,0,1,0,0,0,1,0,0,0,0,0,0,0,1,1,0,0,0,0,0,0,0,0,0,0,0,4730
24,11,0,25,8,2020,12,0.05,224,20.2507,0.6,6.2,270,9.4,-4.2,1017.5,1.3,55.4,-7.6,1.4,0,0,0,0,0,0,0,1,0,0,0,0,0,0,0,0,0,0,1,0,0,0,0,0,0,1,0,0,0,1,0,0,0,0,0,0,0,0,0,4737
3,3,0,11,35,2020,12,0.3,118,20.80970001,0.2,2.6,290,10.9,-5.4,1019.7,-1.5,49.1,-11.3,-2.6,0,0,0,0,0,0,1,0,0,0,0,0,0,0,0,0,0,0,1,0,0,0,0,0,0,0,0,0,0,1,0,0,0,0,0,0,0,0,0,4763
28,28,24,4,9,2021,1,0.15,316,10.99919987,0.8,0.3,250,5.1,-15.7,1015.4,-7.3,80.3,-10.3,-4.1,0,0,0,0,0,0,0,0,0,0,0,0,0,0,1,0,0,0,1,0,0,0,0,0,0,0,1,0,1,0,0,0,0,0,0,0,0,0,0,4898
11,11,0,16,0,2021,1,0.02,1191,15.50339985,0.0,9.3,200,12.8,-6.4,1009.4,1.7,65.0,-4.3,-0.3,0,0,0,0,0,0,0,0,1,0,0,0,0,0,0,0,0,0,0,1,0,0,0,0,0,0,0,0,1,0,0,0,0,0,0,0,0,0,0,4922
8,8,0,80,38,2021,1,1.0,202,10.17650032,0.4,1.7,290,13.8,-5.6,1022.0,-2.3,27.4,-19.5,-2.7,0,1,0,0,0,0,0,0,0,0,0,0,0,0,0,0,0,0,1,0,0,0,0,0,1,0,0,0,0,1,0,0,0,0,0,0,0,0,0,4887
14,10,0,16,22,2021,1,0.15,104,14.15550041,0.2,4.3,180,2.2,-14.2,1028.7,-6.3,67.5,-12.0,-3.7,0,0,0,0,0,0,0,0,0,0,0,0,0,0,0,0,1,0,1,0,0,0,1,0,0,0,0,0,0,1,0,0,0,0,0,0,0,0,0,4905
10,10,0,10,0,2021,1,0.7,193,25.03089905,2.2,11.6,270,3.0,-2.9,1024.5,2.5,78.8,-1.3,2.5,0,0,0,0,0,0,0,0,0,0,0,0,0,0,1,0,0,0,1,0,0,0,0,0,1,0,0,1,0,0,0,0,0,0,0,0,0,0,0,4894
15,15,4,30,21,2021,2,1.5,292,37.292099,1.5,5.6,200,8.1,-7.1,1017.0,-0.9,56.6,-8.7,0.5,0,0,0,0,0,0,0,0,0,1,0,0,0,0,0,0,0,0,1,0,0,0,0,0,0,0,0,1,0,0,0,1,0,0,0,0,0,0,0,4913
20,12,0,61,47,2021,2,1.0,581,20.84630013,1.4,5.0,290,7.7,-2.3,1022.5,1.8,30.5,-13.8,2.1,0,0,1,0,0,0,0,0,0,0,0,0,0,0,0,0,0,0,1,0,0,0,0,0,0,0,1,0,0,0,1,0,0,1,0,0,0,0,0,4893
23,23,19,6,0,2021,2,0.01,78,22.37380028,1.2,6.6,290,4.9,-4.0,1023.5,1.2,66.9,-4.3,0.7,0,0,0,0,0,0,0,0,0,0,0,0,0,0,1,0,0,0,1,0,0,0,1,0,0,0,0,0,1,0,0,0,0,0,0,0,0,0,0,4897
29,1,0,73,60,2021,2,1.0,286,9.64620018,0.0,2.2,320,14.0,-4.3,1010.7,-1.5,28.8,-17.5,1.2,0,0,0,0,0,0,0,0,0,0,0,0,0,0,0,0,0,0,1,0,0,0,0,0,0,0,1,0,1,0,0,0,0,0,0,0,0,0,0,4885
7,7,0,172,238,2021,2,6.5,690,0.0,0.2,1.8,270,6.5,-10.1,1015.6,-4.0,31.5,-18.8,0.6,0,0,0,0,0,1,0,0,0,0,0,0,0,0,0,0,0,0,1,0,0,1,0,0,0,0,0,1,0,0,0,0,1,0,0,0,0,0,0,4924
22,18,20,14,8,2021,2,0.5,347,31.80970001,4.4,13.2,230,9.3,-0.8,1008.0,6.8,63.4,-1.2,3.6,0,0,0,0,0,0,0,0,0,0,0,0,0,0,0,1,0,0,1,0,0,0,0,0,0,1,0,0,0,1,0,0,0,0,0,0,0,0,0,4919
29,28,12,48,42,2021,2,12.0,2110,25.79599953,0.2,10.3,290,22.3,1.3,1005.3,5.6,54.0,-4.1,3.7,0,0,0,0,0,0,0,0,0,1,0,0,0,0,0,0,0,0,1,0,0,0,0,0,0,1,0,1,0,0,0,0,0,0,0,0,0,0,0,4914
22,22,5,18,17,2021,2,0.1,112,22.37380028,3.4,15.8,320,9.8,0.0,1010.5,6.7,57.0,-3.3,5.6,0,0,0,0,0,0,0,0,0,0,0,0,0,0,0,1,0,0,1,0,0,0,0,1,0,0,0,1,0,0,0,0,0,1,0,0,0,0,0,4918
21,0,16,25,15,2021,2,0.1,147,16.52779961,7.9,13.8,70,8.0,-4.8,1021.9,4.1,54.0,-5.7,4.0,0,0,0,0,0,0,0,0,0,0,0,0,0,0,1,0,0,0,1,0,0,0,0,0,0,0,0,0,1,0,0,0,0,0,0,0,0,0,0,4902
16,19,5,26,28,2021,3,0.5,200,32.96350098,3.9,18.2,270,4.7,-0.6,1021.7,8.6,50.4,-3.8,7.8,0,0,0,0,0,0,1,0,0,0,0,0,0,0,0,0,0,0,1,0,0,1,0,0,0,0,0,1,0,0,0,0,0,0,0,0,0,0,0,4908
13,13,0,50,51,2021,3,20.0,1148,5.710599899,1.3,17.1,290,10.8,-1.9,1017.2,7.4,53.4,-2.7,8.1,0,0,0,0,0,0,0,0,0,0,0,0,0,0,1,0,0,0,1,0,0,0,0,0,0,0,1,0,0,1,0,0,0,0,0,0,0,0,0,4895
55,18,1,47,30,2021,3,0.5,439,36.62360001,5.6,16.3,320,6.1,1.8,1007.1,8.6,33.0,-8.0,9.2,0,0,1,0,0,0,0,0,0,0,0,0,0,0,0,0,0,0,1,0,0,0,0,0,0,0,1,0,0,1,0,0,0,0,0,0,0,0,0,4892
32,15,0,33,39,2021,3,10.7,1276,23.93090057,4.1,22.8,110,8.0,0.2,1010.3,10.8,46.0,-2.9,14.7,0,0,0,0,0,0,0,0,0,1,0,0,0,0,0,0,0,0,1,0,0,0,1,0,0,0,0,1,0,0,0,0,0,1,0,0,0,0,0,4912
12,12,10,10,21,2021,3,0.5,1144,36.76089859,6.8,22.7,70,7.8,1.4,1011.2,11.0,54.0,-0.3,14.8,0,0,0,0,1,0,0,0,0,0,0,0,0,0,0,0,0,0,1,0,0,0,1,0,0,0,0,0,0,0,0,0,0,0,0,0,0,0,0,4920
10,10,6,14,2,2021,4,0.01,57,17.45660019,40.1,19.9,270,10.5,9.0,1003.2,14.8,84.5,12.1,14.7,0,0,0,0,0,0,0,0,0,0,0,0,0,0,1,0,0,0,1,0,0,0,0,0,0,1,0,1,0,0,0,0,0,0,0,0,0,0,0,4899
42,16,0,11,0,2021,4,0.01,71,15.81919956,0.5,11.5,270,15.5,-0.6,1010.5,4.5,56.4,-4.5,6.8,0,0,0,0,0,0,0,0,0,0,0,0,0,1,0,0,0,0,1,0,0,0,0,0,0,1,0,0,1,0,0,0,0,0,0,0,0,0,0,4910
17,12,0,19,10,2021,4,0.3,158,19.37080002,7.6,25.6,270,5.9,4.7,1017.2,15.1,53.6,4.1,18.7,0,0,0,0,0,0,0,0,0,0,0,0,0,0,1,0,0,0,1,0,0,0,0,0,0,0,1,1,0,0,0,0,0,0,0,0,0,0,0,4901
56,7,0,20,33,2021,4,1.0,108,10.43080044,5.9,20.9,70,8.5,2.7,1018.8,12.7,59.5,3.9,17.0,0,0,0,0,0,0,0,0,0,0,0,0,0,1,0,0,0,0,1,0,0,0,1,0,0,0,0,0,0,1,0,0,0,0,0,0,0,0,0,4911
14,7,0,24,0,2021,4,0.02,28,12.26010036,5.6,17.7,90,8.1,2.8,1011.5,10.0,34.3,-7.6,12.9,0,0,0,0,0,0,0,0,0,0,1,0,0,0,0,0,0,0,1,0,0,1,0,0,0,0,0,0,0,1,0,0,0,0,0,0,0,0,0,4917
24,8,0,20,16,2021,4,1.5,190,22.09029961,0.7,21.9,20,7.3,9.7,1017.1,16.4,42.6,2.7,21.1,0,0,0,0,0,0,0,1,0,0,0,0,0,0,0,0,0,0,1,0,0,0,0,0,1,0,0,0,0,1,0,0,0,0,0,0,0,0,0,4881
19,19,0,20,20,2021,4,0.17,120,29.20590019,0.0,18.6,160,12.6,8.4,1014.4,14.4,57.1,5.2,18.0,0,0,0,0,0,0,0,0,1,0,0,0,0,0,0,0,0,0,1,0,0,0,0,0,0,0,1,0,0,1,0,0,0,0,0,0,0,0,0,4921
61,24,6,28,21,2021,4,0.01,285,34.21060181,2.6,15.1,340,10.4,6.8,1002.2,9.2,70.8,3.7,12.6,0,0,1,0,0,0,0,0,0,0,0,0,0,0,0,0,0,0,1,0,0,1,0,0,0,0,0,0,1,0,0,0,0,0,0,0,0,0,0,4891
28,20,7,16,17,2021,5,0.1,60,17.29439926,4.4,9.7,320,6.9,2.2,1024.4,5.4,37.6,-8.1,3.2,0,0,0,0,0,0,0,0,1,0,0,0,0,0,0,0,0,0,1,0,0,1,0,0,0,0,0,1,0,0,0,0,0,0,0,0,0,0,0,4923
26,22,8,30,0,2021,5,0.01,234,30.50900078,1.1,23.8,230,7.9,7.0,1011.8,15.5,52.6,5.6,18.3,0,0,1,0,0,0,0,0,0,0,0,0,0,0,0,0,0,0,1,0,0,1,0,0,0,0,0,1,0,0,0,0,0,0,0,0,0,0,0,4890
39,8,0,50,10,2021,5,0.2,145,28.1189003,3.1,18.5,230,13.7,8.1,999.5,12.8,45.9,1.2,13.5,0,0,1,0,0,0,0,0,0,0,0,0,0,0,0,0,0,0,1,0,0,0,0,0,0,0,0,0,0,1,0,0,0,0,0,0,1,0,0,4889
38,25,15,16,18,2021,5,0.01,228,21.4720993,3.9,21.6,200,13.8,4.2,998.2,13.4,65.1,6.1,17.0,0,0,0,0,0,0,0,0,0,0,0,0,0,0,0,0,1,0,1,0,0,0,0,0,0,1,0,0,1,0,0,0,0,0,0,0,1,0,0,4904
22,7,0,20,15,2021,5,0.2,74,17.22439957,10.3,22.0,290,11.6,6.6,1005.6,14.9,49.0,2.4,18.3,0,0,0,0,0,0,0,0,0,0,0,0,0,0,1,0,0,0,1,0,0,0,0,0,1,0,0,1,0,0,0,0,0,0,0,0,0,0,0,4900
16,8,0,15,0,2021,5,0.01,81,6.017300129,7.4,21.0,320,14.6,6.2,1006.0,13.9,54.1,2.3,18.4,0,0,0,0,0,0,0,0,0,0,1,0,0,0,0,0,0,0,1,0,0,0,0,0,1,0,0,0,0,1,0,0,0,0,0,0,0,0,0,4916
21,18,0,22,0,2021,5,1.2,275,34.03350067,5.7,24.0,50,6.6,7.0,1007.6,16.1,67.6,9.0,20.0,0,0,0,0,0,0,0,0,0,0,0,0,1,0,0,0,0,0,1,0,0,1,0,0,0,0,0,0,0,1,0,0,0,0,0,0,0,0,0,4888
26,14,6,23,23,2021,5,0.1,127,35.36159897,55.8,29.8,180,4.9,12.6,1008.7,21.3,65.3,13.4,25.0,0,0,0,0,0,0,0,0,0,0,0,0,0,0,0,0,1,0,1,0,0,0,0,0,0,0,0,1,0,0,0,0,0,0,0,0,0,0,0,4903
22,7,0,10,10,2021,6,0.01,107,0.0,0.2,29.6,200,6.2,18.9,1008.3,23.1,55.8,13.6,24.4,0,0,0,0,0,0,0,0,0,0,0,0,0,0,0,0,0,0,1,0,0,0,0,1,0,0,0,0,0,1,0,0,0,0,0,0,0,0,0,4882
26,0,5,10,12,2021,6,0.04,128,14.76309967,0.7,28.5,70,4.6,16.4,1014.4,21.2,68.6,14.3,23.2,0,0,0,0,0,0,0,0,0,0,0,0,0,0,1,0,0,0,1,0,0,0,0,0,0,0,1,0,1,0,0,0,0,0,0,0,0,0,0,4896
42,9,0,7,0,2021,4,0.09,70,27.79129982,0.3,10.6,50,11.0,-0.7,1021.3,6.1,74.5,1.7,14.4,0,0,0,0,0,0,0,0,0,0,0,0,0,1,0,0,0,0,1,0,0,0,0,0,1,0,0,1,0,0,0,0,0,0,0,0,0,0,0,4909
